id	brand	model	code	year	android	chrome	build	memory	cores	gpu_vendor	gpu_renderer	form	ua
asus-asusai2501a	ASUS	ROG Phone 9	ASUSAI2501A	2024	14	131.0.6778.135	UP1A.231005.007	8	8	Qualcomm	Adreno (TM) 830	phone	Mozilla/5.0 (Linux; Android 14; ASUSAI2501A Build/UP1A.231005.007) AppleWebKit/537.36 (KHTML, like Gecko) Chrome/131.0.6778.135 Mobile Safari/537.36
asus-asusai2501b	ASUS	ROG Phone 9	ASUSAI2501B	2024	14	131.0.6778.135	UP1A.231005.007	8	8	Qualcomm	Adreno (TM) 830	phone	Mozilla/5.0 (Linux; Android 14; ASUSAI2501B Build/UP1A.231005.007) AppleWebKit/537.36 (KHTML, like Gecko) Chrome/131.0.6778.135 Mobile Safari/537.36
asus-asusai2501c	ASUS	ROG Phone 9 Pro	ASUSAI2501C	2024	14	131.0.6778.135	UP1A.231005.007	8	8	Qualcomm	Adreno (TM) 830	phone	Mozilla/5.0 (Linux; Android 14; ASUSAI2501C Build/UP1A.231005.007) AppleWebKit/537.36 (KHTML, like Gecko) Chrome/131.0.6778.135 Mobile Safari/537.36
asus-asusai2501h	ASUS	Zenfone 12 Ultra	ASUSAI2501H	2025	15	138.0.7204.157	AP3A.241105.007	8	8	Qualcomm	Adreno (TM) 830	phone	Mozilla/5.0 (Linux; Android 15; ASUSAI2501H Build/AP3A.241105.007) AppleWebKit/537.36 (KHTML, like Gecko) Chrome/138.0.7204.157 Mobile Safari/537.36
asus-asus-ai2202	ASUS	Zenfone 9	ASUS_AI2202	2022	12	108.0.5359.128	SP1A.210812.016	4	6	Qualcomm	Adreno (TM) 730	phone	Mozilla/5.0 (Linux; Android 12; ASUS_AI2202 Build/SP1A.210812.016) AppleWebKit/537.36 (KHTML, like Gecko) Chrome/108.0.5359.128 Mobile Safari/537.36
asus-asus-ai2302	ASUS	Zenfone 10	ASUS_AI2302	2023	13	120.0.6099.144	TP1A.220624.014	8	8	Qualcomm	Adreno (TM) 740	phone	Mozilla/5.0 (Linux; Android 13; ASUS_AI2302 Build/TP1A.220624.014) AppleWebKit/537.36 (KHTML, like Gecko) Chrome/120.0.6099.144 Mobile Safari/537.36
asus-asus-ai2401-h	ASUS	Zenfone 11 Ultra	ASUS_AI2401_H	2024	14	131.0.6778.135	UP1A.231005.007	8	8	Qualcomm	Adreno (TM) 750	phone	Mozilla/5.0 (Linux; Android 14; ASUS_AI2401_H Build/UP1A.231005.007) AppleWebKit/537.36 (KHTML, like Gecko) Chrome/131.0.6778.135 Mobile Safari/537.36
asus-asus-i006d	ASUS	Zenfone 8	ASUS_I006D	2022	12	108.0.5359.128	SP1A.210812.016	4	6	Qualcomm	Adreno (TM) 660	phone	Mozilla/5.0 (Linux; Android 12; ASUS_I006D Build/SP1A.210812.016) AppleWebKit/537.36 (KHTML, like Gecko) Chrome/108.0.5359.128 Mobile Safari/537.36
asus-zs590ks	ASUS	Zenfone 8	ZS590KS	2022	12	108.0.5359.128	SP1A.210812.016	4	6	Qualcomm	Adreno (TM) 660	phone	Mozilla/5.0 (Linux; Android 12; ZS590KS Build/SP1A.210812.016) AppleWebKit/537.36 (KHTML, like Gecko) Chrome/108.0.5359.128 Mobile Safari/537.36
blu-g50-mega-2022	Blu	G50 MEGA 2022	G50 Mega 2022	2022	12	108.0.5359.128	SP1A.210812.016	4	6	Imagination Technologies	PowerVR Rogue GE8320	phone	Mozilla/5.0 (Linux; Android 12; G50 Mega 2022 Build/SP1A.210812.016) AppleWebKit/537.36 (KHTML, like Gecko) Chrome/108.0.5359.128 Mobile Safari/537.36
blu-m8l-2022	Blu	M8L 2022	M8L 2022	2022	12	108.0.5359.128	SP1A.210812.016	4	6	Imagination Technologies	PowerVR Rogue GE8320	phone	Mozilla/5.0 (Linux; Android 12; M8L 2022 Build/SP1A.210812.016) AppleWebKit/537.36 (KHTML, like Gecko) Chrome/108.0.5359.128 Mobile Safari/537.36
blu-studio-x10-2022	Blu	Studio X10 2022	Studio X10 2022	2022	12	108.0.5359.128	SP1A.210812.016	4	6	Imagination Technologies	PowerVR Rogue GE8320	phone	Mozilla/5.0 (Linux; Android 12; Studio X10 2022 Build/SP1A.210812.016) AppleWebKit/537.36 (KHTML, like Gecko) Chrome/108.0.5359.128 Mobile Safari/537.36
blu-studio-x10l-2022	Blu	Studio X10L 2022	Studio X10L 2022	2022	12	108.0.5359.128	SP1A.210812.016	4	6	Imagination Technologies	PowerVR Rogue GE8320	phone	Mozilla/5.0 (Linux; Android 12; Studio X10L 2022 Build/SP1A.210812.016) AppleWebKit/537.36 (KHTML, like Gecko) Chrome/108.0.5359.128 Mobile Safari/537.36
google-pixel-6a	Google	Pixel 6a	Pixel 6a	2022	12	108.0.5359.128	SP1A.210812.016	4	6	ARM	Mali-G78 MP20	phone	Mozilla/5.0 (Linux; Android 12; Pixel 6a Build/SP1A.210812.016) AppleWebKit/537.36 (KHTML, like Gecko) Chrome/108.0.5359.128 Mobile Safari/537.36
google-pixel-7	Google	Pixel 7	Pixel 7	2022	12	108.0.5359.128	SP1A.210812.016	4	6	ARM	Mali-G710 MP7	phone	Mozilla/5.0 (Linux; Android 12; Pixel 7 Build/SP1A.210812.016) AppleWebKit/537.36 (KHTML, like Gecko) Chrome/108.0.5359.128 Mobile Safari/537.36
google-pixel-7a	Google	Pixel 7a	Pixel 7a	2023	13	120.0.6099.144	TP1A.220624.014	8	8	ARM	Mali-G710 MP7	phone	Mozilla/5.0 (Linux; Android 13; Pixel 7a Build/TP1A.220624.014) AppleWebKit/537.36 (KHTML, like Gecko) Chrome/120.0.6099.144 Mobile Safari/537.36
google-pixel-8	Google	Pixel 8	Pixel 8	2023	13	120.0.6099.144	TP1A.220624.014	8	8	ARM	Mali-G715-Immortalis MC10	phone	Mozilla/5.0 (Linux; Android 13; Pixel 8 Build/TP1A.220624.014) AppleWebKit/537.36 (KHTML, like Gecko) Chrome/120.0.6099.144 Mobile Safari/537.36
google-pixel-8a	Google	Pixel 8a	Pixel 8a	2024	14	131.0.6778.135	UP1A.231005.007	8	8	ARM	Mali-G715-Immortalis MC10	phone	Mozilla/5.0 (Linux; Android 14; Pixel 8a Build/UP1A.231005.007) AppleWebKit/537.36 (KHTML, like Gecko) Chrome/131.0.6778.135 Mobile Safari/537.36
google-pixel-9	Google	Pixel 9	Pixel 9	2024	14	131.0.6778.135	UP1A.231005.007	8	8	ARM	Mali-G715-Immortalis MC10	phone	Mozilla/5.0 (Linux; Android 14; Pixel 9 Build/UP1A.231005.007) AppleWebKit/537.36 (KHTML, like Gecko) Chrome/131.0.6778.135 Mobile Safari/537.36
google-pixel-9a	Google	Pixel 9a	Pixel 9a	2025	15	138.0.7204.157	AP3A.241105.007	8	8	ARM	Mali-G715-Immortalis MC10	phone	Mozilla/5.0 (Linux; Android 15; Pixel 9a Build/AP3A.241105.007) AppleWebKit/537.36 (KHTML, like Gecko) Chrome/138.0.7204.157 Mobile Safari/537.36
google-pixel-fold	Google	Pixel Fold	Pixel Fold	2023	13	120.0.6099.144	TP1A.220624.014	8	8	ARM	Mali-G710 MP7	phone	Mozilla/5.0 (Linux; Android 13; Pixel Fold Build/TP1A.220624.014) AppleWebKit/537.36 (KHTML, like Gecko) Chrome/120.0.6099.144 Mobile Safari/537.36
google-pixel-tablet	Google	Pixel Tablet	Pixel Tablet	2023	13	120.0.6099.144	TP1A.220624.014	8	8	ARM	Mali-G710 MP7	tablet	Mozilla/5.0 (Linux; Android 13; Pixel Tablet Build/TP1A.220624.014) AppleWebKit/537.36 (KHTML, like Gecko) Chrome/120.0.6099.144 Safari/537.36
honor-any-lx1	HONOR	HONOR Magic4 Lite	ANY-LX1	2022	12	108.0.5359.128	SP1A.210812.016	4	6	Qualcomm	Adreno (TM) 619	phone	Mozilla/5.0 (Linux; Android 12; ANY-LX1 Build/SP1A.210812.016) AppleWebKit/537.36 (KHTML, like Gecko) Chrome/108.0.5359.128 Mobile Safari/537.36
honor-any-lx2	HONOR	HONOR X9	ANY-LX2	2023	13	120.0.6099.144	TP1A.220624.014	8	8	Qualcomm	Adreno (TM) 619	phone	Mozilla/5.0 (Linux; Android 13; ANY-LX2 Build/TP1A.220624.014) AppleWebKit/537.36 (KHTML, like Gecko) Chrome/120.0.6099.144 Mobile Safari/537.36
honor-any-lx3	HONOR	HONOR X9	ANY-LX3	2023	13	120.0.6099.144	TP1A.220624.014	8	8	Qualcomm	Adreno (TM) 619	phone	Mozilla/5.0 (Linux; Android 13; ANY-LX3 Build/TP1A.220624.014) AppleWebKit/537.36 (KHTML, like Gecko) Chrome/120.0.6099.144 Mobile Safari/537.36
honor-brp-nx1m	HONOR	HONOR Magic7 Lite	BRP-NX1M	2024	14	131.0.6778.135	UP1A.231005.007	8	8	Qualcomm	Adreno (TM) 710	phone	Mozilla/5.0 (Linux; Android 14; BRP-NX1M Build/UP1A.231005.007) AppleWebKit/537.36 (KHTML, like Gecko) Chrome/131.0.6778.135 Mobile Safari/537.36
honor-brp-nx3	HONOR	HONOR Magic7 Lite	BRP-NX3	2024	14	131.0.6778.135	UP1A.231005.007	8	8	Qualcomm	Adreno (TM) 710	phone	Mozilla/5.0 (Linux; Android 14; BRP-NX3 Build/UP1A.231005.007) AppleWebKit/537.36 (KHTML, like Gecko) Chrome/131.0.6778.135 Mobile Safari/537.36
honor-bvl-an00	HONOR	HONOR Magic6	BVL-AN00	2024	14	131.0.6778.135	UP1A.231005.007	8	8	Qualcomm	Adreno (TM) 750	phone	Mozilla/5.0 (Linux; Android 14; BVL-AN00 Build/UP1A.231005.007) AppleWebKit/537.36 (KHTML, like Gecko) Chrome/131.0.6778.135 Mobile Safari/537.36
honor-bvl-an16	HONOR	HONOR Magic6 Pro	BVL-AN16	2024	14	131.0.6778.135	UP1A.231005.007	8	8	Qualcomm	Adreno (TM) 750	phone	Mozilla/5.0 (Linux; Android 14; BVL-AN16 Build/UP1A.231005.007) AppleWebKit/537.36 (KHTML, like Gecko) Chrome/131.0.6778.135 Mobile Safari/537.36
honor-bvl-n49	HONOR	HONOR Magic6 Pro	BVL-N49	2024	14	131.0.6778.135	UP1A.231005.007	8	8	Qualcomm	Adreno (TM) 750	phone	Mozilla/5.0 (Linux; Android 14; BVL-N49 Build/UP1A.231005.007) AppleWebKit/537.36 (KHTML, like Gecko) Chrome/131.0.6778.135 Mobile Safari/537.36
honor-cma-lx1	HONOR	HONOR X7	CMA-LX1	2022	12	108.0.5359.128	SP1A.210812.016	4	6	Qualcomm	Adreno (TM) 610	phone	Mozilla/5.0 (Linux; Android 12; CMA-LX1 Build/SP1A.210812.016) AppleWebKit/537.36 (KHTML, like Gecko) Chrome/108.0.5359.128 Mobile Safari/537.36
honor-cma-lx2	HONOR	HONOR X7	CMA-LX2	2022	12	108.0.5359.128	SP1A.210812.016	4	6	Qualcomm	Adreno (TM) 610	phone	Mozilla/5.0 (Linux; Android 12; CMA-LX2 Build/SP1A.210812.016) AppleWebKit/537.36 (KHTML, like Gecko) Chrome/108.0.5359.128 Mobile Safari/537.36
honor-cma-lx3	HONOR	HONOR X7	CMA-LX3	2022	12	108.0.5359.128	SP1A.210812.016	4	6	Qualcomm	Adreno (TM) 610	phone	Mozilla/5.0 (Linux; Android 12; CMA-LX3 Build/SP1A.210812.016) AppleWebKit/537.36 (KHTML, like Gecko) Chrome/108.0.5359.128 Mobile Safari/537.36
honor-crt-lx1	HONOR	HONOR X8a	CRT-LX1	2023	13	120.0.6099.144	TP1A.220624.014	8	8	ARM	Mali-G52 MC2	phone	Mozilla/5.0 (Linux; Android 13; CRT-LX1 Build/TP1A.220624.014) AppleWebKit/537.36 (KHTML, like Gecko) Chrome/120.0.6099.144 Mobile Safari/537.36
honor-crt-lx2	HONOR	HONOR X8a	CRT-LX2	2023	13	120.0.6099.144	TP1A.220624.014	8	8	ARM	Mali-G52 MC2	phone	Mozilla/5.0 (Linux; Android 13; CRT-LX2 Build/TP1A.220624.014) AppleWebKit/537.36 (KHTML, like Gecko) Chrome/120.0.6099.144 Mobile Safari/537.36
honor-crt-lx3	HONOR	HONOR X8a	CRT-LX3	2023	13	120.0.6099.144	TP1A.220624.014	8	8	ARM	Mali-G52 MC2	phone	Mozilla/5.0 (Linux; Android 13; CRT-LX3 Build/TP1A.220624.014) AppleWebKit/537.36 (KHTML, like Gecko) Chrome/120.0.6099.144 Mobile Safari/537.36
honor-crt-nx1	HONOR	HONOR 90 Lite	CRT-NX1	2023	13	120.0.6099.144	TP1A.220624.014	8	8	ARM	Mali-G57 MC2	phone	Mozilla/5.0 (Linux; Android 13; CRT-NX1 Build/TP1A.220624.014) AppleWebKit/537.36 (KHTML, like Gecko) Chrome/120.0.6099.144 Mobile Safari/537.36
honor-crt-nx3	HONOR	HONOR 90 Lite	CRT-NX3	2023	13	120.0.6099.144	TP1A.220624.014	8	8	ARM	Mali-G57 MC2	phone	Mozilla/5.0 (Linux; Android 13; CRT-NX3 Build/TP1A.220624.014) AppleWebKit/537.36 (KHTML, like Gecko) Chrome/120.0.6099.144 Mobile Safari/537.36
honor-eli-an00	HONOR	HONOR 200	ELI-AN00	2024	14	131.0.6778.135	UP1A.231005.007	8	8	Qualcomm	Adreno (TM) 720	phone	Mozilla/5.0 (Linux; Android 14; ELI-AN00 Build/UP1A.231005.007) AppleWebKit/537.36 (KHTML, like Gecko) Chrome/131.0.6778.135 Mobile Safari/537.36
honor-eli-nx9	HONOR	HONOR 200	ELI-NX9	2024	14	131.0.6778.135	UP1A.231005.007	8	8	Qualcomm	Adreno (TM) 720	phone	Mozilla/5.0 (Linux; Android 14; ELI-NX9 Build/UP1A.231005.007) AppleWebKit/537.36 (KHTML, like Gecko) Chrome/131.0.6778.135 Mobile Safari/537.36
honor-elp-an00	HONOR	HONOR 200 Pro	ELP-AN00	2024	14	131.0.6778.135	UP1A.231005.007	8	8	Qualcomm	Adreno (TM) 735	phone	Mozilla/5.0 (Linux; Android 14; ELP-AN00 Build/UP1A.231005.007) AppleWebKit/537.36 (KHTML, like Gecko) Chrome/131.0.6778.135 Mobile Safari/537.36
honor-elp-nx9	HONOR	HONOR 200 Pro	ELP-NX9	2024	14	131.0.6778.135	UP1A.231005.007	8	8	Qualcomm	Adreno (TM) 735	phone	Mozilla/5.0 (Linux; Android 14; ELP-NX9 Build/UP1A.231005.007) AppleWebKit/537.36 (KHTML, like Gecko) Chrome/131.0.6778.135 Mobile Safari/537.36
honor-fne-nx9	HONOR	HONOR 70	FNE-NX9	2022	12	108.0.5359.128	SP1A.210812.016	4	6	Qualcomm	Adreno (TM) 642L	phone	Mozilla/5.0 (Linux; Android 12; FNE-NX9 Build/SP1A.210812.016) AppleWebKit/537.36 (KHTML, like Gecko) Chrome/108.0.5359.128 Mobile Safari/537.36
honor-lge-nx9	HONOR	HONOR Magic4 Pro	LGE-NX9	2022	12	108.0.5359.128	SP1A.210812.016	4	6	Qualcomm	Adreno (TM) 730	phone	Mozilla/5.0 (Linux; Android 12; LGE-NX9 Build/SP1A.210812.016) AppleWebKit/537.36 (KHTML, like Gecko) Chrome/108.0.5359.128 Mobile Safari/537.36
honor-maa-an00	HONOR	HONOR 100	MAA-AN00	2023	13	120.0.6099.144	TP1A.220624.014	8	8	Qualcomm	Adreno (TM) 720	phone	Mozilla/5.0 (Linux; Android 13; MAA-AN00 Build/TP1A.220624.014) AppleWebKit/537.36 (KHTML, like Gecko) Chrome/120.0.6099.144 Mobile Safari/537.36
honor-maa-an10	HONOR	HONOR 100 Pro	MAA-AN10	2023	13	120.0.6099.144	TP1A.220624.014	8	8	Qualcomm	Adreno (TM) 740	phone	Mozilla/5.0 (Linux; Android 13; MAA-AN10 Build/TP1A.220624.014) AppleWebKit/537.36 (KHTML, like Gecko) Chrome/120.0.6099.144 Mobile Safari/537.36
honor-pgt-n09	HONOR	HONOR Magic5	PGT-N09	2023	13	120.0.6099.144	TP1A.220624.014	8	8	Qualcomm	Adreno (TM) 740	phone	Mozilla/5.0 (Linux; Android 13; PGT-N09 Build/TP1A.220624.014) AppleWebKit/537.36 (KHTML, like Gecko) Chrome/120.0.6099.144 Mobile Safari/537.36
honor-pgt-n19	HONOR	HONOR Magic5 Pro	PGT-N19	2023	13	120.0.6099.144	TP1A.220624.014	8	8	Qualcomm	Adreno (TM) 740	phone	Mozilla/5.0 (Linux; Android 13; PGT-N19 Build/TP1A.220624.014) AppleWebKit/537.36 (KHTML, like Gecko) Chrome/120.0.6099.144 Mobile Safari/537.36
honor-ptp-n29	HONOR	HONOR Magic7	PTP-N29	2024	14	131.0.6778.135	UP1A.231005.007	8	8	Qualcomm	Adreno (TM) 830	phone	Mozilla/5.0 (Linux; Android 14; PTP-N29 Build/UP1A.231005.007) AppleWebKit/537.36 (KHTML, like Gecko) Chrome/131.0.6778.135 Mobile Safari/537.36
honor-ptp-n49	HONOR	HONOR Magic7 Pro	PTP-N49	2024	14	131.0.6778.135	UP1A.231005.007	8	8	Qualcomm	Adreno (TM) 830	phone	Mozilla/5.0 (Linux; Android 14; PTP-N49 Build/UP1A.231005.007) AppleWebKit/537.36 (KHTML, like Gecko) Chrome/131.0.6778.135 Mobile Safari/537.36
honor-rbn-nx1	HONOR	HONOR 70 Lite	RBN-NX1	2022	12	108.0.5359.128	SP1A.210812.016	4	6	Qualcomm	Adreno (TM) 619	phone	Mozilla/5.0 (Linux; Android 12; RBN-NX1 Build/SP1A.210812.016) AppleWebKit/537.36 (KHTML, like Gecko) Chrome/108.0.5359.128 Mobile Safari/537.36
honor-rea-nx9	HONOR	HONOR 90	REA-NX9	2023	13	120.0.6099.144	TP1A.220624.014	8	8	Qualcomm	Adreno (TM) 644	phone	Mozilla/5.0 (Linux; Android 13; REA-NX9 Build/TP1A.220624.014) AppleWebKit/537.36 (KHTML, like Gecko) Chrome/120.0.6099.144 Mobile Safari/537.36
honor-rky-lx1	HONOR	HONOR X7a	RKY-LX1	2022	12	108.0.5359.128	SP1A.210812.016	4	6	Imagination Technologies	PowerVR Rogue GE8320	phone	Mozilla/5.0 (Linux; Android 12; RKY-LX1 Build/SP1A.210812.016) AppleWebKit/537.36 (KHTML, like Gecko) Chrome/108.0.5359.128 Mobile Safari/537.36
honor-rky-lx2	HONOR	HONOR X7a	RKY-LX2	2022	12	108.0.5359.128	SP1A.210812.016	4	6	Imagination Technologies	PowerVR Rogue GE8320	phone	Mozilla/5.0 (Linux; Android 12; RKY-LX2 Build/SP1A.210812.016) AppleWebKit/537.36 (KHTML, like Gecko) Chrome/108.0.5359.128 Mobile Safari/537.36
honor-rky-lx3	HONOR	HONOR X7a	RKY-LX3	2022	12	108.0.5359.128	SP1A.210812.016	4	6	Imagination Technologies	PowerVR Rogue GE8320	phone	Mozilla/5.0 (Linux; Android 12; RKY-LX3 Build/SP1A.210812.016) AppleWebKit/537.36 (KHTML, like Gecko) Chrome/108.0.5359.128 Mobile Safari/537.36
honor-tfy-lx1	HONOR	HONOR X8	TFY-LX1	2022	12	108.0.5359.128	SP1A.210812.016	4	6	Qualcomm	Adreno (TM) 610	phone	Mozilla/5.0 (Linux; Android 12; TFY-LX1 Build/SP1A.210812.016) AppleWebKit/537.36 (KHTML, like Gecko) Chrome/108.0.5359.128 Mobile Safari/537.36
honor-tfy-lx2	HONOR	HONOR X8	TFY-LX2	2022	12	108.0.5359.128	SP1A.210812.016	4	6	Qualcomm	Adreno (TM) 610	phone	Mozilla/5.0 (Linux; Android 12; TFY-LX2 Build/SP1A.210812.016) AppleWebKit/537.36 (KHTML, like Gecko) Chrome/108.0.5359.128 Mobile Safari/537.36
honor-tfy-lx3	HONOR	HONOR X8	TFY-LX3	2022	12	108.0.5359.128	SP1A.210812.016	4	6	Qualcomm	Adreno (TM) 610	phone	Mozilla/5.0 (Linux; Android 12; TFY-LX3 Build/SP1A.210812.016) AppleWebKit/537.36 (KHTML, like Gecko) Chrome/108.0.5359.128 Mobile Safari/537.36
honor-wdy-lx1	HONOR	HONOR X6a	WDY-LX1	2022	12	108.0.5359.128	SP1A.210812.016	4	6	Imagination Technologies	PowerVR Rogue GE8320	phone	Mozilla/5.0 (Linux; Android 12; WDY-LX1 Build/SP1A.210812.016) AppleWebKit/537.36 (KHTML, like Gecko) Chrome/108.0.5359.128 Mobile Safari/537.36
honor-wdy-lx2	HONOR	HONOR X6a	WDY-LX2	2022	12	108.0.5359.128	SP1A.210812.016	4	6	Imagination Technologies	PowerVR Rogue GE8320	phone	Mozilla/5.0 (Linux; Android 12; WDY-LX2 Build/SP1A.210812.016) AppleWebKit/537.36 (KHTML, like Gecko) Chrome/108.0.5359.128 Mobile Safari/537.36
honor-wdy-lx3	HONOR	HONOR X6a	WDY-LX3	2022	12	108.0.5359.128	SP1A.210812.016	4	6	Imagination Technologies	PowerVR Rogue GE8320	phone	Mozilla/5.0 (Linux; Android 12; WDY-LX3 Build/SP1A.210812.016) AppleWebKit/537.36 (KHTML, like Gecko) Chrome/108.0.5359.128 Mobile Safari/537.36
infinix-infinix-x6528	Infinix	Infinix HOT 40i	Infinix X6528	2024	14	131.0.6778.135	UP1A.231005.007	8	8	ARM	Mali-G57 MP1	phone	Mozilla/5.0 (Linux; Android 14; Infinix X6528 Build/UP1A.231005.007) AppleWebKit/537.36 (KHTML, like Gecko) Chrome/131.0.6778.135 Mobile Safari/537.36
infinix-infinix-x6528b	Infinix	Infinix HOT 40i	Infinix X6528B	2024	14	131.0.6778.135	UP1A.231005.007	8	8	ARM	Mali-G57 MP1	phone	Mozilla/5.0 (Linux; Android 14; Infinix X6528B Build/UP1A.231005.007) AppleWebKit/537.36 (KHTML, like Gecko) Chrome/131.0.6778.135 Mobile Safari/537.36
infinix-infinix-x662	Infinix	HOT 11	Infinix X662	2022	12	108.0.5359.128	SP1A.210812.016	4	6	ARM	Mali-G52 MC2	phone	Mozilla/5.0 (Linux; Android 12; Infinix X662 Build/SP1A.210812.016) AppleWebKit/537.36 (KHTML, like Gecko) Chrome/108.0.5359.128 Mobile Safari/537.36
infinix-infinix-x662b	Infinix	HOT 11	Infinix X662B	2022	12	108.0.5359.128	SP1A.210812.016	4	6	ARM	Mali-G52 MC2	phone	Mozilla/5.0 (Linux; Android 12; Infinix X662B Build/SP1A.210812.016) AppleWebKit/537.36 (KHTML, like Gecko) Chrome/108.0.5359.128 Mobile Safari/537.36
infinix-infinix-x663b	Infinix	Infinix NOTE 11	Infinix X663B	2022	12	108.0.5359.128	SP1A.210812.016	4	6	ARM	Mali-G52 MC2	phone	Mozilla/5.0 (Linux; Android 12; Infinix X663B Build/SP1A.210812.016) AppleWebKit/537.36 (KHTML, like Gecko) Chrome/108.0.5359.128 Mobile Safari/537.36
infinix-infinix-x663c	Infinix	Infinix NOTE 12	Infinix X663C	2022	12	108.0.5359.128	SP1A.210812.016	4	6	ARM	Mali-G52 MC2	phone	Mozilla/5.0 (Linux; Android 12; Infinix X663C Build/SP1A.210812.016) AppleWebKit/537.36 (KHTML, like Gecko) Chrome/108.0.5359.128 Mobile Safari/537.36
infinix-infinix-x665	Infinix	HOT 12i	Infinix X665	2022	12	108.0.5359.128	SP1A.210812.016	4	6	Imagination Technologies	PowerVR Rogue GE8320	phone	Mozilla/5.0 (Linux; Android 12; Infinix X665 Build/SP1A.210812.016) AppleWebKit/537.36 (KHTML, like Gecko) Chrome/108.0.5359.128 Mobile Safari/537.36
infinix-infinix-x665b	Infinix	HOT 12i	Infinix X665B	2022	12	108.0.5359.128	SP1A.210812.016	4	6	Imagination Technologies	PowerVR Rogue GE8320	phone	Mozilla/5.0 (Linux; Android 12; Infinix X665B Build/SP1A.210812.016) AppleWebKit/537.36 (KHTML, like Gecko) Chrome/108.0.5359.128 Mobile Safari/537.36
infinix-infinix-x665c	Infinix	HOT 20i	Infinix X665C	2022	12	108.0.5359.128	SP1A.210812.016	4	6	Imagination Technologies	PowerVR Rogue GE8320	phone	Mozilla/5.0 (Linux; Android 12; Infinix X665C Build/SP1A.210812.016) AppleWebKit/537.36 (KHTML, like Gecko) Chrome/108.0.5359.128 Mobile Safari/537.36
infinix-infinix-x665e	Infinix	HOT 20i	Infinix X665E	2022	12	108.0.5359.128	SP1A.210812.016	4	6	Imagination Technologies	PowerVR Rogue GE8320	phone	Mozilla/5.0 (Linux; Android 12; Infinix X665E Build/SP1A.210812.016) AppleWebKit/537.36 (KHTML, like Gecko) Chrome/108.0.5359.128 Mobile Safari/537.36
infinix-infinix-x666	Infinix	HOT 20 5G	Infinix X666	2022	12	108.0.5359.128	SP1A.210812.016	4	6	ARM	Mali-G57 MC2	phone	Mozilla/5.0 (Linux; Android 12; Infinix X666 Build/SP1A.210812.016) AppleWebKit/537.36 (KHTML, like Gecko) Chrome/108.0.5359.128 Mobile Safari/537.36
infinix-infinix-x668	Infinix	Infinix HOT 12 PRO	Infinix X668	2022	12	108.0.5359.128	SP1A.210812.016	4	6	Imagination Technologies	PowerVR Rogue GE8320	phone	Mozilla/5.0 (Linux; Android 12; Infinix X668 Build/SP1A.210812.016) AppleWebKit/537.36 (KHTML, like Gecko) Chrome/108.0.5359.128 Mobile Safari/537.36
infinix-infinix-x668c	Infinix	Infinix HOT 12 PRO	Infinix X668C	2022	12	108.0.5359.128	SP1A.210812.016	4	6	Imagination Technologies	PowerVR Rogue GE8320	phone	Mozilla/5.0 (Linux; Android 12; Infinix X668C Build/SP1A.210812.016) AppleWebKit/537.36 (KHTML, like Gecko) Chrome/108.0.5359.128 Mobile Safari/537.36
infinix-infinix-x669	Infinix	Infinix HOT 30i	Infinix X669	2023	13	120.0.6099.144	TP1A.220624.014	8	8	ARM	Mali-G57 MP1	phone	Mozilla/5.0 (Linux; Android 13; Infinix X669 Build/TP1A.220624.014) AppleWebKit/537.36 (KHTML, like Gecko) Chrome/120.0.6099.144 Mobile Safari/537.36
infinix-infinix-x669c	Infinix	Infinix HOT 30i	Infinix X669C	2023	13	120.0.6099.144	TP1A.220624.014	8	8	ARM	Mali-G57 MP1	phone	Mozilla/5.0 (Linux; Android 13; Infinix X669C Build/TP1A.220624.014) AppleWebKit/537.36 (KHTML, like Gecko) Chrome/120.0.6099.144 Mobile Safari/537.36
infinix-infinix-x669d	Infinix	Infinix HOT 30i	Infinix X669D	2023	13	120.0.6099.144	TP1A.220624.014	8	8	ARM	Mali-G57 MP1	phone	Mozilla/5.0 (Linux; Android 13; Infinix X669D Build/TP1A.220624.014) AppleWebKit/537.36 (KHTML, like Gecko) Chrome/120.0.6099.144 Mobile Safari/537.36
infinix-infinix-x670	Infinix	NOTE 12	Infinix X670	2022	12	108.0.5359.128	SP1A.210812.016	4	6	ARM	Mali-G52 MC2	phone	Mozilla/5.0 (Linux; Android 12; Infinix X670 Build/SP1A.210812.016) AppleWebKit/537.36 (KHTML, like Gecko) Chrome/108.0.5359.128 Mobile Safari/537.36
infinix-infinix-x671	Infinix	Infinix NOTE 12 5G	Infinix X671	2022	12	108.0.5359.128	SP1A.210812.016	4	6	ARM	Mali-G57 MC2	phone	Mozilla/5.0 (Linux; Android 12; Infinix X671 Build/SP1A.210812.016) AppleWebKit/537.36 (KHTML, like Gecko) Chrome/108.0.5359.128 Mobile Safari/537.36
infinix-infinix-x6710	Infinix	NOTE 30 VIP	Infinix X6710	2023	13	120.0.6099.144	TP1A.220624.014	8	8	ARM	Mali-G77 MC9	phone	Mozilla/5.0 (Linux; Android 13; Infinix X6710 Build/TP1A.220624.014) AppleWebKit/537.36 (KHTML, like Gecko) Chrome/120.0.6099.144 Mobile Safari/537.36
infinix-infinix-x6711	Infinix	Infinix NOTE 30 5G	Infinix X6711	2023	13	120.0.6099.144	TP1A.220624.014	8	8	ARM	Mali-G68 MC4	phone	Mozilla/5.0 (Linux; Android 13; Infinix X6711 Build/TP1A.220624.014) AppleWebKit/537.36 (KHTML, like Gecko) Chrome/120.0.6099.144 Mobile Safari/537.36
infinix-infinix-x6716	Infinix	NOTE 30i	Infinix X6716	2023	13	120.0.6099.144	TP1A.220624.014	8	8	ARM	Mali-G57 MC2	phone	Mozilla/5.0 (Linux; Android 13; Infinix X6716 Build/TP1A.220624.014) AppleWebKit/537.36 (KHTML, like Gecko) Chrome/120.0.6099.144 Mobile Safari/537.36
infinix-infinix-x6716b	Infinix	NOTE 30	Infinix X6716B	2023	13	120.0.6099.144	TP1A.220624.014	8	8	ARM	Mali-G57 MC2	phone	Mozilla/5.0 (Linux; Android 13; Infinix X6716B Build/TP1A.220624.014) AppleWebKit/537.36 (KHTML, like Gecko) Chrome/120.0.6099.144 Mobile Safari/537.36
infinix-infinix-x671b	Infinix	Infinix NOTE 12 Pro 5G	Infinix X671B	2022	12	108.0.5359.128	SP1A.210812.016	4	6	ARM	Mali-G57 MC2	phone	Mozilla/5.0 (Linux; Android 12; Infinix X671B Build/SP1A.210812.016) AppleWebKit/537.36 (KHTML, like Gecko) Chrome/108.0.5359.128 Mobile Safari/537.36
infinix-infinix-x672	Infinix	NOTE 12 VIP	Infinix X672	2022	12	108.0.5359.128	SP1A.210812.016	4	6	ARM	Mali-G57 MC2	phone	Mozilla/5.0 (Linux; Android 12; Infinix X672 Build/SP1A.210812.016) AppleWebKit/537.36 (KHTML, like Gecko) Chrome/108.0.5359.128 Mobile Safari/537.36
infinix-infinix-x6731	Infinix	ZERO 30 5G	Infinix X6731	2023	13	120.0.6099.144	TP1A.220624.014	8	8	ARM	Mali-G77 MC9	phone	Mozilla/5.0 (Linux; Android 13; Infinix X6731 Build/TP1A.220624.014) AppleWebKit/537.36 (KHTML, like Gecko) Chrome/120.0.6099.144 Mobile Safari/537.36
infinix-infinix-x6731b	Infinix	Infinix ZERO 30	Infinix X6731B	2023	13	120.0.6099.144	TP1A.220624.014	8	8	ARM	Mali-G57 MC2	phone	Mozilla/5.0 (Linux; Android 13; Infinix X6731B Build/TP1A.220624.014) AppleWebKit/537.36 (KHTML, like Gecko) Chrome/120.0.6099.144 Mobile Safari/537.36
infinix-infinix-x675	Infinix	HOT 11 2022	Infinix X675	2022	12	108.0.5359.128	SP1A.210812.016	4	6	ARM	Mali-G52 MC2	phone	Mozilla/5.0 (Linux; Android 12; Infinix X675 Build/SP1A.210812.016) AppleWebKit/537.36 (KHTML, like Gecko) Chrome/108.0.5359.128 Mobile Safari/537.36
infinix-infinix-x676b	Infinix	Infinix NOTE 12 PRO	Infinix X676B	2022	12	108.0.5359.128	SP1A.210812.016	4	6	ARM	Mali-G52 MC2	phone	Mozilla/5.0 (Linux; Android 12; Infinix X676B Build/SP1A.210812.016) AppleWebKit/537.36 (KHTML, like Gecko) Chrome/108.0.5359.128 Mobile Safari/537.36
infinix-infinix-x676c	Infinix	Infinix NOTE 12 2023	Infinix X676C	2022	12	108.0.5359.128	SP1A.210812.016	4	6	ARM	Mali-G52 MC2	phone	Mozilla/5.0 (Linux; Android 12; Infinix X676C Build/SP1A.210812.016) AppleWebKit/537.36 (KHTML, like Gecko) Chrome/108.0.5359.128 Mobile Safari/537.36
infinix-infinix-x677	Infinix	NOTE 12i 2022	Infinix X677	2022	12	108.0.5359.128	SP1A.210812.016	4	6	ARM	Mali-G52 MC2	phone	Mozilla/5.0 (Linux; Android 12; Infinix X677 Build/SP1A.210812.016) AppleWebKit/537.36 (KHTML, like Gecko) Chrome/108.0.5359.128 Mobile Safari/537.36
infinix-infinix-x678b	Infinix	NOTE 30 Pro	Infinix X678B	2023	13	120.0.6099.144	TP1A.220624.014	8	8	ARM	Mali-G57 MC2	phone	Mozilla/5.0 (Linux; Android 13; Infinix X678B Build/TP1A.220624.014) AppleWebKit/537.36 (KHTML, like Gecko) Chrome/120.0.6099.144 Mobile Safari/537.36
infinix-infinix-x6812	Infinix	HOT 11S	Infinix X6812	2022	12	108.0.5359.128	SP1A.210812.016	4	6	ARM	Mali-G52 MC2	phone	Mozilla/5.0 (Linux; Android 12; Infinix X6812 Build/SP1A.210812.016) AppleWebKit/537.36 (KHTML, like Gecko) Chrome/108.0.5359.128 Mobile Safari/537.36
infinix-infinix-x6812b	Infinix	Infinix HOT 11S NFC	Infinix X6812B	2022	12	108.0.5359.128	SP1A.210812.016	4	6	ARM	Mali-G52 MC2	phone	Mozilla/5.0 (Linux; Android 12; Infinix X6812B Build/SP1A.210812.016) AppleWebKit/537.36 (KHTML, like Gecko) Chrome/108.0.5359.128 Mobile Safari/537.36
infinix-infinix-x6815c	Infinix	ZERO 5G 2023	Infinix X6815C	2023	13	120.0.6099.144	TP1A.220624.014	8	8	ARM	Mali-G68 MC4	phone	Mozilla/5.0 (Linux; Android 13; Infinix X6815C Build/TP1A.220624.014) AppleWebKit/537.36 (KHTML, like Gecko) Chrome/120.0.6099.144 Mobile Safari/537.36
infinix-infinix-x6815d	Infinix	ZERO 5G 2023	Infinix X6815D	2023	13	120.0.6099.144	TP1A.220624.014	8	8	ARM	Mali-G68 MC4	phone	Mozilla/5.0 (Linux; Android 13; Infinix X6815D Build/TP1A.220624.014) AppleWebKit/537.36 (KHTML, like Gecko) Chrome/120.0.6099.144 Mobile Safari/537.36
infinix-infinix-x6816c	Infinix	Infinix HOT 12 Play	Infinix X6816C	2022	12	108.0.5359.128	SP1A.210812.016	4	6	Imagination Technologies	PowerVR Rogue GE8320	phone	Mozilla/5.0 (Linux; Android 12; Infinix X6816C Build/SP1A.210812.016) AppleWebKit/537.36 (KHTML, like Gecko) Chrome/108.0.5359.128 Mobile Safari/537.36
infinix-infinix-x6816d	Infinix	Infinix HOT 12 Play NFC	Infinix X6816D	2022	12	108.0.5359.128	SP1A.210812.016	4	6	Imagination Technologies	PowerVR Rogue GE8320	phone	Mozilla/5.0 (Linux; Android 12; Infinix X6816D Build/SP1A.210812.016) AppleWebKit/537.36 (KHTML, like Gecko) Chrome/108.0.5359.128 Mobile Safari/537.36
infinix-infinix-x6817	Infinix	Infinix HOT 12	Infinix X6817	2022	12	108.0.5359.128	SP1A.210812.016	4	6	Imagination Technologies	PowerVR Rogue GE8320	phone	Mozilla/5.0 (Linux; Android 12; Infinix X6817 Build/SP1A.210812.016) AppleWebKit/537.36 (KHTML, like Gecko) Chrome/108.0.5359.128 Mobile Safari/537.36
infinix-infinix-x6819	Infinix	Infinix NOTE 12i	Infinix X6819	2022	12	108.0.5359.128	SP1A.210812.016	4	6	ARM	Mali-G52 MC2	phone	Mozilla/5.0 (Linux; Android 12; Infinix X6819 Build/SP1A.210812.016) AppleWebKit/537.36 (KHTML, like Gecko) Chrome/108.0.5359.128 Mobile Safari/537.36
infinix-infinix-x6821	Infinix	Infinix ZERO 20	Infinix X6821	2022	12	108.0.5359.128	SP1A.210812.016	4	6	ARM	Mali-G57 MC2	phone	Mozilla/5.0 (Linux; Android 12; Infinix X6821 Build/SP1A.210812.016) AppleWebKit/537.36 (KHTML, like Gecko) Chrome/108.0.5359.128 Mobile Safari/537.36
infinix-infinix-x6825	Infinix	HOT 20 PLAY	Infinix X6825	2022	12	108.0.5359.128	SP1A.210812.016	4	6	Imagination Technologies	PowerVR Rogue GE8320	phone	Mozilla/5.0 (Linux; Android 12; Infinix X6825 Build/SP1A.210812.016) AppleWebKit/537.36 (KHTML, like Gecko) Chrome/108.0.5359.128 Mobile Safari/537.36
infinix-infinix-x6826	Infinix	Infinix HOT 20	Infinix X6826	2022	12	108.0.5359.128	SP1A.210812.016	4	6	ARM	Mali-G52 MC2	phone	Mozilla/5.0 (Linux; Android 12; Infinix X6826 Build/SP1A.210812.016) AppleWebKit/537.36 (KHTML, like Gecko) Chrome/108.0.5359.128 Mobile Safari/537.36
infinix-infinix-x6826b	Infinix	Infinix HOT 20	Infinix X6826B	2022	12	108.0.5359.128	SP1A.210812.016	4	6	ARM	Mali-G52 MC2	phone	Mozilla/5.0 (Linux; Android 12; Infinix X6826B Build/SP1A.210812.016) AppleWebKit/537.36 (KHTML, like Gecko) Chrome/108.0.5359.128 Mobile Safari/537.36
infinix-infinix-x6826c	Infinix	Infinix HOT 20	Infinix X6826C	2022	12	108.0.5359.128	SP1A.210812.016	4	6	ARM	Mali-G52 MC2	phone	Mozilla/5.0 (Linux; Android 12; Infinix X6826C Build/SP1A.210812.016) AppleWebKit/537.36 (KHTML, like Gecko) Chrome/108.0.5359.128 Mobile Safari/537.36
infinix-infinix-x6827	Infinix	HOT 20S	Infinix X6827	2022	12	108.0.5359.128	SP1A.210812.016	4	6	ARM	Mali-G52 MC2	phone	Mozilla/5.0 (Linux; Android 12; Infinix X6827 Build/SP1A.210812.016) AppleWebKit/537.36 (KHTML, like Gecko) Chrome/108.0.5359.128 Mobile Safari/537.36
infinix-infinix-x6832	Infinix	HOT 30 5G	Infinix X6832	2023	13	120.0.6099.144	TP1A.220624.014	8	8	ARM	Mali-G57 MC2	phone	Mozilla/5.0 (Linux; Android 13; Infinix X6832 Build/TP1A.220624.014) AppleWebKit/537.36 (KHTML, like Gecko) Chrome/120.0.6099.144 Mobile Safari/537.36
infinix-infinix-x6833b	Infinix	Infinix NOTE 30	Infinix X6833B	2023	13	120.0.6099.144	TP1A.220624.014	8	8	ARM	Mali-G57 MC2	phone	Mozilla/5.0 (Linux; Android 13; Infinix X6833B Build/TP1A.220624.014) AppleWebKit/537.36 (KHTML, like Gecko) Chrome/120.0.6099.144 Mobile Safari/537.36
infinix-infinix-x6835	Infinix	Infinix HOT 30 PLAY	Infinix X6835	2023	13	120.0.6099.144	TP1A.220624.014	8	8	ARM	Mali-G57 MP1	phone	Mozilla/5.0 (Linux; Android 13; Infinix X6835 Build/TP1A.220624.014) AppleWebKit/537.36 (KHTML, like Gecko) Chrome/120.0.6099.144 Mobile Safari/537.36
infinix-infinix-x6835b	Infinix	Infinix HOT 30 PLAY	Infinix X6835B	2023	13	120.0.6099.144	TP1A.220624.014	8	8	ARM	Mali-G57 MP1	phone	Mozilla/5.0 (Linux; Android 13; Infinix X6835B Build/TP1A.220624.014) AppleWebKit/537.36 (KHTML, like Gecko) Chrome/120.0.6099.144 Mobile Safari/537.36
infinix-infinix-x6836	Infinix	Infinix HOT 40	Infinix X6836	2024	14	131.0.6778.135	UP1A.231005.007	8	8	ARM	Mali-G57 MC2	phone	Mozilla/5.0 (Linux; Android 14; Infinix X6836 Build/UP1A.231005.007) AppleWebKit/537.36 (KHTML, like Gecko) Chrome/131.0.6778.135 Mobile Safari/537.36
infinix-infinix-x6837	Infinix	Infinix HOT 40 Pro	Infinix X6837	2024	14	131.0.6778.135	UP1A.231005.007	8	8	ARM	Mali-G57 MC2	phone	Mozilla/5.0 (Linux; Android 14; Infinix X6837 Build/UP1A.231005.007) AppleWebKit/537.36 (KHTML, like Gecko) Chrome/131.0.6778.135 Mobile Safari/537.36
infinix-infinix-x6838	Infinix	Infinix NOTE 40X 5G	Infinix X6838	2024	14	131.0.6778.135	UP1A.231005.007	8	8	ARM	Mali-G57 MC2	phone	Mozilla/5.0 (Linux; Android 14; Infinix X6838 Build/UP1A.231005.007) AppleWebKit/537.36 (KHTML, like Gecko) Chrome/131.0.6778.135 Mobile Safari/537.36
infinix-infinix-x6850	Infinix	Infinix NOTE 40 Pro	Infinix X6850	2024	14	131.0.6778.135	UP1A.231005.007	8	8	ARM	Mali-G57 MC2	phone	Mozilla/5.0 (Linux; Android 14; Infinix X6850 Build/UP1A.231005.007) AppleWebKit/537.36 (KHTML, like Gecko) Chrome/131.0.6778.135 Mobile Safari/537.36
infinix-infinix-x6850b	Infinix	Infinix NOTE 40S	Infinix X6850B	2024	14	131.0.6778.135	UP1A.231005.007	8	8	ARM	Mali-G57 MC2	phone	Mozilla/5.0 (Linux; Android 14; Infinix X6850B Build/UP1A.231005.007) AppleWebKit/537.36 (KHTML, like Gecko) Chrome/131.0.6778.135 Mobile Safari/537.36
infinix-infinix-x6851	Infinix	Infinix NOTE 40 Pro 5G	Infinix X6851	2024	14	131.0.6778.135	UP1A.231005.007	8	8	ARM	Mali-G68 MC4	phone	Mozilla/5.0 (Linux; Android 14; Infinix X6851 Build/UP1A.231005.007) AppleWebKit/537.36 (KHTML, like Gecko) Chrome/131.0.6778.135 Mobile Safari/537.36
infinix-infinix-x6851b	Infinix	NOTE 40 Pro+ 5G	Infinix X6851B	2024	14	131.0.6778.135	UP1A.231005.007	8	8	ARM	Mali-G610 MC6	phone	Mozilla/5.0 (Linux; Android 14; Infinix X6851B Build/UP1A.231005.007) AppleWebKit/537.36 (KHTML, like Gecko) Chrome/131.0.6778.135 Mobile Safari/537.36
infinix-infinix-x6852	Infinix	Infinix NOTE 40 5G	Infinix X6852	2024	14	131.0.6778.135	UP1A.231005.007	8	8	ARM	Mali-G68 MC4	phone	Mozilla/5.0 (Linux; Android 14; Infinix X6852 Build/UP1A.231005.007) AppleWebKit/537.36 (KHTML, like Gecko) Chrome/131.0.6778.135 Mobile Safari/537.36
infinix-infinix-x6853	Infinix	Infinix NOTE 40	Infinix X6853	2024	14	131.0.6778.135	UP1A.231005.007	8	8	ARM	Mali-G57 MC2	phone	Mozilla/5.0 (Linux; Android 14; Infinix X6853 Build/UP1A.231005.007) AppleWebKit/537.36 (KHTML, like Gecko) Chrome/131.0.6778.135 Mobile Safari/537.36
infinix-infinix-x6860	Infinix	Infinix ZERO 40	Infinix X6860	2024	14	131.0.6778.135	UP1A.231005.007	8	8	ARM	Mali-G57 MC2	phone	Mozilla/5.0 (Linux; Android 14; Infinix X6860 Build/UP1A.231005.007) AppleWebKit/537.36 (KHTML, like Gecko) Chrome/131.0.6778.135 Mobile Safari/537.36
infinix-infinix-x6861	Infinix	Infinix ZERO 40 5G	Infinix X6861	2024	14	131.0.6778.135	UP1A.231005.007	8	8	ARM	Mali-G610 MC6	phone	Mozilla/5.0 (Linux; Android 14; Infinix X6861 Build/UP1A.231005.007) AppleWebKit/537.36 (KHTML, like Gecko) Chrome/131.0.6778.135 Mobile Safari/537.36
infinix-infinix-x6871	Infinix	GT 20 Pro	Infinix X6871	2022	12	108.0.5359.128	SP1A.210812.016	4	6	ARM	Mali-G610 MC6	phone	Mozilla/5.0 (Linux; Android 12; Infinix X6871 Build/SP1A.210812.016) AppleWebKit/537.36 (KHTML, like Gecko) Chrome/108.0.5359.128 Mobile Safari/537.36
infinix-infinix-x6873	Infinix	GT 30 Pro	Infinix X6873	2023	13	120.0.6099.144	TP1A.220624.014	8	8	ARM	Mali-G615 MC6	phone	Mozilla/5.0 (Linux; Android 13; Infinix X6873 Build/TP1A.220624.014) AppleWebKit/537.36 (KHTML, like Gecko) Chrome/120.0.6099.144 Mobile Safari/537.36
infinix-infinix-x6876	Infinix	GT 30	Infinix X6876	2023	13	120.0.6099.144	TP1A.220624.014	8	8	ARM	Mali-G615 MC2	phone	Mozilla/5.0 (Linux; Android 13; Infinix X6876 Build/TP1A.220624.014) AppleWebKit/537.36 (KHTML, like Gecko) Chrome/120.0.6099.144 Mobile Safari/537.36
infinix-infinix-x689f	Infinix	HOT 11	Infinix X689F	2022	12	108.0.5359.128	SP1A.210812.016	4	6	ARM	Mali-G52 MC2	phone	Mozilla/5.0 (Linux; Android 12; Infinix X689F Build/SP1A.210812.016) AppleWebKit/537.36 (KHTML, like Gecko) Chrome/108.0.5359.128 Mobile Safari/537.36
infinix-infinix-x693	Infinix	Infinix NOTE 11i	Infinix X693	2022	12	108.0.5359.128	SP1A.210812.016	4	6	ARM	Mali-G52 MC2	phone	Mozilla/5.0 (Linux; Android 12; Infinix X693 Build/SP1A.210812.016) AppleWebKit/537.36 (KHTML, like Gecko) Chrome/108.0.5359.128 Mobile Safari/537.36
infinix-infinix-x697	Infinix	NOTE 11 Pro	Infinix X697	2022	12	108.0.5359.128	SP1A.210812.016	4	6	ARM	Mali-G57 MC2	phone	Mozilla/5.0 (Linux; Android 12; Infinix X697 Build/SP1A.210812.016) AppleWebKit/537.36 (KHTML, like Gecko) Chrome/108.0.5359.128 Mobile Safari/537.36
infinix-infinix-x698	Infinix	NOTE 11S	Infinix X698	2022	12	108.0.5359.128	SP1A.210812.016	4	6	ARM	Mali-G57 MC2	phone	Mozilla/5.0 (Linux; Android 12; Infinix X698 Build/SP1A.210812.016) AppleWebKit/537.36 (KHTML, like Gecko) Chrome/108.0.5359.128 Mobile Safari/537.36
lenovo-tb132fu	Lenovo	小新Pad Pro 2022	TB132FU	2022	12	108.0.5359.128	SP1A.210812.016	4	6	Qualcomm	Adreno (TM) 650	phone	Mozilla/5.0 (Linux; Android 12; TB132FU Build/SP1A.210812.016) AppleWebKit/537.36 (KHTML, like Gecko) Chrome/108.0.5359.128 Mobile Safari/537.36
lenovo-tb138fc	Lenovo	小新Pad Pro 2022	TB138FC	2022	12	108.0.5359.128	SP1A.210812.016	4	6	Qualcomm	Adreno (TM) 650	phone	Mozilla/5.0 (Linux; Android 12; TB138FC Build/SP1A.210812.016) AppleWebKit/537.36 (KHTML, like Gecko) Chrome/108.0.5359.128 Mobile Safari/537.36
lenovo-tb301fu	Lenovo	Lenovo Tab M8 (4th Gen) 2024	TB301FU	2024	14	131.0.6778.135	UP1A.231005.007	8	8	Imagination Technologies	PowerVR Rogue GE8320	tablet	Mozilla/5.0 (Linux; Android 14; TB301FU Build/UP1A.231005.007) AppleWebKit/537.36 (KHTML, like Gecko) Chrome/131.0.6778.135 Safari/537.36
lenovo-tb301xu	Lenovo	Lenovo Tab M8 (4th Gen) 2024	TB301XU	2024	14	131.0.6778.135	UP1A.231005.007	8	8	Imagination Technologies	PowerVR Rogue GE8320	tablet	Mozilla/5.0 (Linux; Android 14; TB301XU Build/UP1A.231005.007) AppleWebKit/537.36 (KHTML, like Gecko) Chrome/131.0.6778.135 Safari/537.36
lenovo-tb350fu	Lenovo	小新Pad Plus 2023	TB350FU	2023	13	120.0.6099.144	TP1A.220624.014	8	8	Qualcomm	Adreno (TM) 650	phone	Mozilla/5.0 (Linux; Android 13; TB350FU Build/TP1A.220624.014) AppleWebKit/537.36 (KHTML, like Gecko) Chrome/120.0.6099.144 Mobile Safari/537.36
motorola-xt2251-1	Motorola	motorola razr 2022	XT2251-1	2022	12	108.0.5359.128	SP1A.210812.016	4	6	Qualcomm	Adreno (TM) 730	phone	Mozilla/5.0 (Linux; Android 12; XT2251-1 Build/SP1A.210812.016) AppleWebKit/537.36 (KHTML, like Gecko) Chrome/108.0.5359.128 Mobile Safari/537.36
motorola-moto-g-2025	Motorola	moto g - 2025	moto g - 2025	2025	15	138.0.7204.157	AP3A.241105.007	8	8	Qualcomm	Adreno (TM) 619	phone	Mozilla/5.0 (Linux; Android 15; moto g - 2025 Build/AP3A.241105.007) AppleWebKit/537.36 (KHTML, like Gecko) Chrome/138.0.7204.157 Mobile Safari/537.36
motorola-moto-g-5g-2022	Motorola	moto g 5G (2022)	moto g 5G (2022)	2022	12	108.0.5359.128	SP1A.210812.016	4	6	ARM	Mali-G57 MC2	phone	Mozilla/5.0 (Linux; Android 12; moto g 5G (2022) Build/SP1A.210812.016) AppleWebKit/537.36 (KHTML, like Gecko) Chrome/108.0.5359.128 Mobile Safari/537.36
motorola-moto-g-5g-2023	Motorola	moto g 5G - 2023	moto g 5G - 2023	2023	13	120.0.6099.144	TP1A.220624.014	8	8	Qualcomm	Adreno (TM) 619	phone	Mozilla/5.0 (Linux; Android 13; moto g 5G - 2023 Build/TP1A.220624.014) AppleWebKit/537.36 (KHTML, like Gecko) Chrome/120.0.6099.144 Mobile Safari/537.36
motorola-moto-g-5g-2024	Motorola	moto g 5G - 2024	moto g 5G - 2024	2024	14	131.0.6778.135	UP1A.231005.007	8	8	Qualcomm	Adreno (TM) 619	phone	Mozilla/5.0 (Linux; Android 14; moto g 5G - 2024 Build/UP1A.231005.007) AppleWebKit/537.36 (KHTML, like Gecko) Chrome/131.0.6778.135 Mobile Safari/537.36
motorola-moto-g-play-2024	Motorola	moto g - 2025	moto g play - 2024	2025	15	138.0.7204.157	AP3A.241105.007	8	8	Qualcomm	Adreno (TM) 619	phone	Mozilla/5.0 (Linux; Android 15; moto g play - 2024 Build/AP3A.241105.007) AppleWebKit/537.36 (KHTML, like Gecko) Chrome/138.0.7204.157 Mobile Safari/537.36
motorola-moto-g-power-2022	Motorola	moto g power (2022)	moto g power (2022)	2022	12	108.0.5359.128	SP1A.210812.016	4	6	Imagination Technologies	PowerVR Rogue GE8320	phone	Mozilla/5.0 (Linux; Android 12; moto g power (2022) Build/SP1A.210812.016) AppleWebKit/537.36 (KHTML, like Gecko) Chrome/108.0.5359.128 Mobile Safari/537.36
motorola-moto-g-power-2025	Motorola	moto g power - 2025	moto g power - 2025	2025	15	138.0.7204.157	AP3A.241105.007	8	8	ARM	Mali-G57 MC2	phone	Mozilla/5.0 (Linux; Android 15; moto g power - 2025 Build/AP3A.241105.007) AppleWebKit/537.36 (KHTML, like Gecko) Chrome/138.0.7204.157 Mobile Safari/537.36
motorola-moto-g-power-5g-2023	Motorola	moto g power 5G - 2023	moto g power 5G - 2023	2023	13	120.0.6099.144	TP1A.220624.014	8	8	ARM	Mali-G68 MC4	phone	Mozilla/5.0 (Linux; Android 13; moto g power 5G - 2023 Build/TP1A.220624.014) AppleWebKit/537.36 (KHTML, like Gecko) Chrome/120.0.6099.144 Mobile Safari/537.36
motorola-moto-g-power-5g-2024	Motorola	moto g power - 2025	moto g power 5G - 2024	2025	15	138.0.7204.157	AP3A.241105.007	8	8	ARM	Mali-G57 MC2	phone	Mozilla/5.0 (Linux; Android 15; moto g power 5G - 2024 Build/AP3A.241105.007) AppleWebKit/537.36 (KHTML, like Gecko) Chrome/138.0.7204.157 Mobile Safari/537.36
motorola-moto-g-pure	Motorola	moto g 5G (2022)	moto g pure	2022	12	108.0.5359.128	SP1A.210812.016	4	6	ARM	Mali-G57 MC2	phone	Mozilla/5.0 (Linux; Android 12; moto g pure Build/SP1A.210812.016) AppleWebKit/537.36 (KHTML, like Gecko) Chrome/108.0.5359.128 Mobile Safari/537.36
motorola-moto-g-stylus-2022	Motorola	moto g stylus (2022)	moto g stylus (2022)	2022	12	108.0.5359.128	SP1A.210812.016	4	6	ARM	Mali-G52 MC2	phone	Mozilla/5.0 (Linux; Android 12; moto g stylus (2022) Build/SP1A.210812.016) AppleWebKit/537.36 (KHTML, like Gecko) Chrome/108.0.5359.128 Mobile Safari/537.36
motorola-moto-g-stylus-2023	Motorola	moto g stylus (2023)	moto g stylus (2023)	2023	13	120.0.6099.144	TP1A.220624.014	8	8	ARM	Mali-G52 MC2	phone	Mozilla/5.0 (Linux; Android 13; moto g stylus (2023) Build/TP1A.220624.014) AppleWebKit/537.36 (KHTML, like Gecko) Chrome/120.0.6099.144 Mobile Safari/537.36
motorola-moto-g-stylus-2025	Motorola	moto g stylus 5G - 2025	moto g stylus - 2025	2025	15	138.0.7204.157	AP3A.241105.007	8	8	Qualcomm	Adreno (TM) 710	phone	Mozilla/5.0 (Linux; Android 15; moto g stylus - 2025 Build/AP3A.241105.007) AppleWebKit/537.36 (KHTML, like Gecko) Chrome/138.0.7204.157 Mobile Safari/537.36
motorola-moto-g-stylus-5g-2022	Motorola	moto g 5G - 2023	moto g stylus 5G (2022)	2023	13	120.0.6099.144	TP1A.220624.014	8	8	Qualcomm	Adreno (TM) 619	phone	Mozilla/5.0 (Linux; Android 13; moto g stylus 5G (2022) Build/TP1A.220624.014) AppleWebKit/537.36 (KHTML, like Gecko) Chrome/120.0.6099.144 Mobile Safari/537.36
motorola-moto-g-stylus-5g-2023	Motorola	moto g stylus 5G - 2023	moto g stylus 5G - 2023	2023	13	120.0.6099.144	TP1A.220624.014	8	8	Qualcomm	Adreno (TM) 619	phone	Mozilla/5.0 (Linux; Android 13; moto g stylus 5G - 2023 Build/TP1A.220624.014) AppleWebKit/537.36 (KHTML, like Gecko) Chrome/120.0.6099.144 Mobile Safari/537.36
motorola-moto-g-stylus-5g-2024	Motorola	moto g stylus 5G - 2024	moto g stylus 5G - 2024	2024	14	131.0.6778.135	UP1A.231005.007	8	8	Qualcomm	Adreno (TM) 710	phone	Mozilla/5.0 (Linux; Android 14; moto g stylus 5G - 2024 Build/UP1A.231005.007) AppleWebKit/537.36 (KHTML, like Gecko) Chrome/131.0.6778.135 Mobile Safari/537.36
motorola-moto-g-stylus-5g	Motorola	moto g stylus 5G - 2023	moto g stylus 5g	2023	13	120.0.6099.144	TP1A.220624.014	8	8	Qualcomm	Adreno (TM) 619	phone	Mozilla/5.0 (Linux; Android 13; moto g stylus 5g Build/TP1A.220624.014) AppleWebKit/537.36 (KHTML, like Gecko) Chrome/120.0.6099.144 Mobile Safari/537.36
motorola-moto-g-50	Motorola	moto g stylus 5G (2022)	moto g(50)	2022	12	108.0.5359.128	SP1A.210812.016	4	6	Qualcomm	Adreno (TM) 619	phone	Mozilla/5.0 (Linux; Android 12; moto g(50) Build/SP1A.210812.016) AppleWebKit/537.36 (KHTML, like Gecko) Chrome/108.0.5359.128 Mobile Safari/537.36
motorola-moto-g-50-5g	Motorola	moto g power 5G - 2023	moto g(50) 5G	2023	13	120.0.6099.144	TP1A.220624.014	8	8	ARM	Mali-G68 MC4	phone	Mozilla/5.0 (Linux; Android 13; moto g(50) 5G Build/TP1A.220624.014) AppleWebKit/537.36 (KHTML, like Gecko) Chrome/120.0.6099.144 Mobile Safari/537.36
motorola-motorola	Motorola	moto g stylus (2022)	motorola	2022	12	108.0.5359.128	SP1A.210812.016	4	6	ARM	Mali-G52 MC2	phone	Mozilla/5.0 (Linux; Android 12; motorola Build/SP1A.210812.016) AppleWebKit/537.36 (KHTML, like Gecko) Chrome/108.0.5359.128 Mobile Safari/537.36
motorola-motorola-edge-2022	Motorola	motorola edge (2022)	motorola edge (2022)	2022	12	108.0.5359.128	SP1A.210812.016	4	6	ARM	Mali-G77 MC9	phone	Mozilla/5.0 (Linux; Android 12; motorola edge (2022) Build/SP1A.210812.016) AppleWebKit/537.36 (KHTML, like Gecko) Chrome/108.0.5359.128 Mobile Safari/537.36
motorola-motorola-edge-2023	Motorola	motorola edge 2023	motorola edge 2023	2023	13	120.0.6099.144	TP1A.220624.014	8	8	ARM	Mali-G57 MC2	phone	Mozilla/5.0 (Linux; Android 13; motorola edge 2023 Build/TP1A.220624.014) AppleWebKit/537.36 (KHTML, like Gecko) Chrome/120.0.6099.144 Mobile Safari/537.36
motorola-motorola-edge-2024	Motorola	motorola edge 2024	motorola edge 2024	2024	14	131.0.6778.135	UP1A.231005.007	8	8	Qualcomm	Adreno (TM) 710	phone	Mozilla/5.0 (Linux; Android 14; motorola edge 2024 Build/UP1A.231005.007) AppleWebKit/537.36 (KHTML, like Gecko) Chrome/131.0.6778.135 Mobile Safari/537.36
motorola-motorola-edge-2025	Motorola	motorola edge 2025	motorola edge 2025	2025	15	138.0.7204.157	AP3A.241105.007	8	8	ARM	Mali-G615 MC2	phone	Mozilla/5.0 (Linux; Android 15; motorola edge 2025 Build/AP3A.241105.007) AppleWebKit/537.36 (KHTML, like Gecko) Chrome/138.0.7204.157 Mobile Safari/537.36
motorola-motorola-edge-30-pro	Motorola	motorola razr 2022	motorola edge 30 pro	2022	12	108.0.5359.128	SP1A.210812.016	4	6	Qualcomm	Adreno (TM) 730	phone	Mozilla/5.0 (Linux; Android 12; motorola edge 30 pro Build/SP1A.210812.016) AppleWebKit/537.36 (KHTML, like Gecko) Chrome/108.0.5359.128 Mobile Safari/537.36
motorola-motorola-edge-40-pro	Motorola	moto g play - 2024	motorola edge 40 pro	2024	14	131.0.6778.135	UP1A.231005.007	8	8	Qualcomm	Adreno (TM) 610	phone	Mozilla/5.0 (Linux; Android 14; motorola edge 40 pro Build/UP1A.231005.007) AppleWebKit/537.36 (KHTML, like Gecko) Chrome/131.0.6778.135 Mobile Safari/537.36
motorola-motorola-edge-50-fusion	Motorola	moto g stylus 5G - 2025	motorola edge 50 fusion	2025	15	138.0.7204.157	AP3A.241105.007	8	8	Qualcomm	Adreno (TM) 710	phone	Mozilla/5.0 (Linux; Android 15; motorola edge 50 fusion Build/AP3A.241105.007) AppleWebKit/537.36 (KHTML, like Gecko) Chrome/138.0.7204.157 Mobile Safari/537.36
motorola-motorola-edge-50-neo	Motorola	motorola edge 2025	motorola edge 50 neo	2025	15	138.0.7204.157	AP3A.241105.007	8	8	ARM	Mali-G615 MC2	phone	Mozilla/5.0 (Linux; Android 15; motorola edge 50 neo Build/AP3A.241105.007) AppleWebKit/537.36 (KHTML, like Gecko) Chrome/138.0.7204.157 Mobile Safari/537.36
motorola-motorola-edge-plus-2022	Motorola	motorola edge plus (2022)	motorola edge plus (2022)	2022	12	108.0.5359.128	SP1A.210812.016	4	6	Qualcomm	Adreno (TM) 730	phone	Mozilla/5.0 (Linux; Android 12; motorola edge plus (2022) Build/SP1A.210812.016) AppleWebKit/537.36 (KHTML, like Gecko) Chrome/108.0.5359.128 Mobile Safari/537.36
motorola-motorola-edge-plus-2023	Motorola	motorola edge plus 2023	motorola edge plus 2023	2023	13	120.0.6099.144	TP1A.220624.014	8	8	Qualcomm	Adreno (TM) 740	phone	Mozilla/5.0 (Linux; Android 13; motorola edge plus 2023 Build/TP1A.220624.014) AppleWebKit/537.36 (KHTML, like Gecko) Chrome/120.0.6099.144 Mobile Safari/537.36
motorola-motorola-edge-plus-5g-uw-2022	Motorola	motorola edge plus 5G UW (2022)	motorola edge plus 5G UW (2022)	2022	12	108.0.5359.128	SP1A.210812.016	4	6	Qualcomm	Adreno (TM) 730	phone	Mozilla/5.0 (Linux; Android 12; motorola edge plus 5G UW (2022) Build/SP1A.210812.016) AppleWebKit/537.36 (KHTML, like Gecko) Chrome/108.0.5359.128 Mobile Safari/537.36
motorola-motorola-razr-2022	Motorola	motorola razr 2022	motorola razr 2022	2022	12	108.0.5359.128	SP1A.210812.016	4	6	Qualcomm	Adreno (TM) 730	phone	Mozilla/5.0 (Linux; Android 12; motorola razr 2022 Build/SP1A.210812.016) AppleWebKit/537.36 (KHTML, like Gecko) Chrome/108.0.5359.128 Mobile Safari/537.36
motorola-motorola-razr-2023	Motorola	motorola razr 2023	motorola razr 2023	2023	13	120.0.6099.144	TP1A.220624.014	8	8	Qualcomm	Adreno (TM) 644	phone	Mozilla/5.0 (Linux; Android 13; motorola razr 2023 Build/TP1A.220624.014) AppleWebKit/537.36 (KHTML, like Gecko) Chrome/120.0.6099.144 Mobile Safari/537.36
motorola-motorola-razr-2024	Motorola	motorola razr 2024	motorola razr 2024	2024	14	131.0.6778.135	UP1A.231005.007	8	8	ARM	Mali-G615 MC2	phone	Mozilla/5.0 (Linux; Android 14; motorola razr 2024 Build/UP1A.231005.007) AppleWebKit/537.36 (KHTML, like Gecko) Chrome/131.0.6778.135 Mobile Safari/537.36
motorola-motorola-razr-2025	Motorola	motorola razr 2025	motorola razr 2025	2025	15	138.0.7204.157	AP3A.241105.007	8	8	ARM	Mali-G615 MC2	phone	Mozilla/5.0 (Linux; Android 15; motorola razr 2025 Build/AP3A.241105.007) AppleWebKit/537.36 (KHTML, like Gecko) Chrome/138.0.7204.157 Mobile Safari/537.36
motorola-motorola-razr-50-ultra	Motorola	motorola razr ultra 2025	motorola razr 50 ultra	2025	15	138.0.7204.157	AP3A.241105.007	8	8	Qualcomm	Adreno (TM) 830	phone	Mozilla/5.0 (Linux; Android 15; motorola razr 50 ultra Build/AP3A.241105.007) AppleWebKit/537.36 (KHTML, like Gecko) Chrome/138.0.7204.157 Mobile Safari/537.36
motorola-motorola-razr-plus-2023	Motorola	motorola razr plus 2023	motorola razr plus 2023	2023	13	120.0.6099.144	TP1A.220624.014	8	8	Qualcomm	Adreno (TM) 730	phone	Mozilla/5.0 (Linux; Android 13; motorola razr plus 2023 Build/TP1A.220624.014) AppleWebKit/537.36 (KHTML, like Gecko) Chrome/120.0.6099.144 Mobile Safari/537.36
motorola-motorola-razr-plus-2024	Motorola	motorola razr plus 2024	motorola razr plus 2024	2024	14	131.0.6778.135	UP1A.231005.007	8	8	Qualcomm	Adreno (TM) 735	phone	Mozilla/5.0 (Linux; Android 14; motorola razr plus 2024 Build/UP1A.231005.007) AppleWebKit/537.36 (KHTML, like Gecko) Chrome/131.0.6778.135 Mobile Safari/537.36
motorola-motorola-razr-plus-2025	Motorola	motorola razr plus 2025	motorola razr plus 2025	2025	15	138.0.7204.157	AP3A.241105.007	8	8	Qualcomm	Adreno (TM) 735	phone	Mozilla/5.0 (Linux; Android 15; motorola razr plus 2025 Build/AP3A.241105.007) AppleWebKit/537.36 (KHTML, like Gecko) Chrome/138.0.7204.157 Mobile Safari/537.36
motorola-motorola-razr-ultra-2025	Motorola	motorola razr ultra 2025	motorola razr ultra 2025	2025	15	138.0.7204.157	AP3A.241105.007	8	8	Qualcomm	Adreno (TM) 830	phone	Mozilla/5.0 (Linux; Android 15; motorola razr ultra 2025 Build/AP3A.241105.007) AppleWebKit/537.36 (KHTML, like Gecko) Chrome/138.0.7204.157 Mobile Safari/537.36
nokia-nokia-c31	Nokia	Nokia C31	Nokia C31	2022	12	108.0.5359.128	SP1A.210812.016	4	6	Imagination Technologies	PowerVR Rogue GE8322	phone	Mozilla/5.0 (Linux; Android 12; Nokia C31 Build/SP1A.210812.016) AppleWebKit/537.36 (KHTML, like Gecko) Chrome/108.0.5359.128 Mobile Safari/537.36
nokia-nokia-c32	Nokia	Nokia C32	Nokia C32	2023	13	120.0.6099.144	TP1A.220624.014	8	8	Imagination Technologies	PowerVR Rogue GE8322	phone	Mozilla/5.0 (Linux; Android 13; Nokia C32 Build/TP1A.220624.014) AppleWebKit/537.36 (KHTML, like Gecko) Chrome/120.0.6099.144 Mobile Safari/537.36
nokia-nokia-g11	Nokia	Nokia G11	Nokia G11	2022	12	108.0.5359.128	SP1A.210812.016	4	6	ARM	Mali-G57 MP1	phone	Mozilla/5.0 (Linux; Android 12; Nokia G11 Build/SP1A.210812.016) AppleWebKit/537.36 (KHTML, like Gecko) Chrome/108.0.5359.128 Mobile Safari/537.36
nokia-nokia-g21	Nokia	Nokia G21	Nokia G21	2022	12	108.0.5359.128	SP1A.210812.016	4	6	ARM	Mali-G57 MP1	phone	Mozilla/5.0 (Linux; Android 12; Nokia G21 Build/SP1A.210812.016) AppleWebKit/537.36 (KHTML, like Gecko) Chrome/108.0.5359.128 Mobile Safari/537.36
nokia-nokia-x20	Nokia	Nokia X20	Nokia X20	2022	12	108.0.5359.128	SP1A.210812.016	4	6	Qualcomm	Adreno (TM) 619	phone	Mozilla/5.0 (Linux; Android 12; Nokia X20 Build/SP1A.210812.016) AppleWebKit/537.36 (KHTML, like Gecko) Chrome/108.0.5359.128 Mobile Safari/537.36
nothing-a024	Nothing	Nothing Phone (3)	A024	2025	15	138.0.7204.157	AP3A.241105.007	8	8	Qualcomm	Adreno (TM) 825	phone	Mozilla/5.0 (Linux; Android 15; A024 Build/AP3A.241105.007) AppleWebKit/537.36 (KHTML, like Gecko) Chrome/138.0.7204.157 Mobile Safari/537.36
nothing-a059	Nothing	Nothing Phone (3a)	A059	2025	15	138.0.7204.157	AP3A.241105.007	8	8	Qualcomm	Adreno (TM) 810	phone	Mozilla/5.0 (Linux; Android 15; A059 Build/AP3A.241105.007) AppleWebKit/537.36 (KHTML, like Gecko) Chrome/138.0.7204.157 Mobile Safari/537.36
nothing-a063	Nothing	Nothing Phone (1)	A063	2022	12	108.0.5359.128	SP1A.210812.016	4	6	Qualcomm	Adreno (TM) 642L	phone	Mozilla/5.0 (Linux; Android 12; A063 Build/SP1A.210812.016) AppleWebKit/537.36 (KHTML, like Gecko) Chrome/108.0.5359.128 Mobile Safari/537.36
nothing-a065	Nothing	Nothing Phone (2)	A065	2023	13	120.0.6099.144	TP1A.220624.014	8	8	Qualcomm	Adreno (TM) 730	phone	Mozilla/5.0 (Linux; Android 13; A065 Build/TP1A.220624.014) AppleWebKit/537.36 (KHTML, like Gecko) Chrome/120.0.6099.144 Mobile Safari/537.36
nothing-a142	Nothing	Nothing Phone (2a)	A142	2024	14	131.0.6778.135	UP1A.231005.007	8	8	ARM	Mali-G610 MC4	phone	Mozilla/5.0 (Linux; Android 14; A142 Build/UP1A.231005.007) AppleWebKit/537.36 (KHTML, like Gecko) Chrome/131.0.6778.135 Mobile Safari/537.36
nothing-ain065	Nothing	Nothing Phone (2)	AIN065	2023	13	120.0.6099.144	TP1A.220624.014	8	8	Qualcomm	Adreno (TM) 730	phone	Mozilla/5.0 (Linux; Android 13; AIN065 Build/TP1A.220624.014) AppleWebKit/537.36 (KHTML, like Gecko) Chrome/120.0.6099.144 Mobile Safari/537.36
oppo-a302op	OPPO	Reno10 Pro 5G	A302OP	2023	13	120.0.6099.144	TP1A.220624.014	8	8	ARM	Mali-G610 MC6	phone	Mozilla/5.0 (Linux; Android 13; A302OP Build/TP1A.220624.014) AppleWebKit/537.36 (KHTML, like Gecko) Chrome/120.0.6099.144 Mobile Safari/537.36
oppo-a303op	OPPO	A79 5G	A303OP	2024	14	131.0.6778.135	UP1A.231005.007	8	8	ARM	Mali-G57 MC2	phone	Mozilla/5.0 (Linux; Android 14; A303OP Build/UP1A.231005.007) AppleWebKit/537.36 (KHTML, like Gecko) Chrome/131.0.6778.135 Mobile Safari/537.36
oppo-a401op	OPPO	Reno11 A	A401OP	2024	14	131.0.6778.135	UP1A.231005.007	8	8	ARM	Mali-G68 MC4	phone	Mozilla/5.0 (Linux; Android 14; A401OP Build/UP1A.231005.007) AppleWebKit/537.36 (KHTML, like Gecko) Chrome/131.0.6778.135 Mobile Safari/537.36
oppo-a501op	OPPO	Reno13 A	A501OP	2025	15	138.0.7204.157	AP3A.241105.007	8	8	ARM	Mali-G615 MC2	phone	Mozilla/5.0 (Linux; Android 15; A501OP Build/AP3A.241105.007) AppleWebKit/537.36 (KHTML, like Gecko) Chrome/138.0.7204.157 Mobile Safari/537.36
oppo-cph2339	OPPO	A77 5G	CPH2339	2023	13	120.0.6099.144	TP1A.220624.014	8	8	ARM	Mali-G57 MC2	phone	Mozilla/5.0 (Linux; Android 13; CPH2339 Build/TP1A.220624.014) AppleWebKit/537.36 (KHTML, like Gecko) Chrome/120.0.6099.144 Mobile Safari/537.36
oppo-cph2387	OPPO	A57	CPH2387	2022	12	108.0.5359.128	SP1A.210812.016	4	6	Imagination Technologies	PowerVR Rogue GE8320	phone	Mozilla/5.0 (Linux; Android 12; CPH2387 Build/SP1A.210812.016) AppleWebKit/537.36 (KHTML, like Gecko) Chrome/108.0.5359.128 Mobile Safari/537.36
oppo-cph2407	OPPO	A57	CPH2407	2022	12	108.0.5359.128	SP1A.210812.016	4	6	Imagination Technologies	PowerVR Rogue GE8320	phone	Mozilla/5.0 (Linux; Android 12; CPH2407 Build/SP1A.210812.016) AppleWebKit/537.36 (KHTML, like Gecko) Chrome/108.0.5359.128 Mobile Safari/537.36
oppo-cph2483	OPPO	A78 5G	CPH2483	2023	13	120.0.6099.144	TP1A.220624.014	8	8	ARM	Mali-G57 MC2	phone	Mozilla/5.0 (Linux; Android 13; CPH2483 Build/TP1A.220624.014) AppleWebKit/537.36 (KHTML, like Gecko) Chrome/120.0.6099.144 Mobile Safari/537.36
oppo-cph2495	OPPO	A78 5G	CPH2495	2023	13	120.0.6099.144	TP1A.220624.014	8	8	ARM	Mali-G57 MC2	phone	Mozilla/5.0 (Linux; Android 13; CPH2495 Build/TP1A.220624.014) AppleWebKit/537.36 (KHTML, like Gecko) Chrome/120.0.6099.144 Mobile Safari/537.36
oppo-cph2521	OPPO	Reno10 Pro+ 5G	CPH2521	2023	13	120.0.6099.144	TP1A.220624.014	8	8	Qualcomm	Adreno (TM) 730	phone	Mozilla/5.0 (Linux; Android 13; CPH2521 Build/TP1A.220624.014) AppleWebKit/537.36 (KHTML, like Gecko) Chrome/120.0.6099.144 Mobile Safari/537.36
oppo-cph2525	OPPO	Reno10 Pro 5G	CPH2525	2023	13	120.0.6099.144	TP1A.220624.014	8	8	ARM	Mali-G610 MC6	phone	Mozilla/5.0 (Linux; Android 13; CPH2525 Build/TP1A.220624.014) AppleWebKit/537.36 (KHTML, like Gecko) Chrome/120.0.6099.144 Mobile Safari/537.36
oppo-cph2529	OPPO	A98 5G	CPH2529	2024	14	131.0.6778.135	UP1A.231005.007	8	8	Qualcomm	Adreno (TM) 619	phone	Mozilla/5.0 (Linux; Android 14; CPH2529 Build/UP1A.231005.007) AppleWebKit/537.36 (KHTML, like Gecko) Chrome/131.0.6778.135 Mobile Safari/537.36
oppo-cph2531	OPPO	Reno10 5G	CPH2531	2023	13	120.0.6099.144	TP1A.220624.014	8	8	ARM	Mali-G68 MC4	phone	Mozilla/5.0 (Linux; Android 13; CPH2531 Build/TP1A.220624.014) AppleWebKit/537.36 (KHTML, like Gecko) Chrome/120.0.6099.144 Mobile Safari/537.36
oppo-cph2541	OPPO	Reno10 Pro 5G	CPH2541	2023	13	120.0.6099.144	TP1A.220624.014	8	8	ARM	Mali-G610 MC6	phone	Mozilla/5.0 (Linux; Android 13; CPH2541 Build/TP1A.220624.014) AppleWebKit/537.36 (KHTML, like Gecko) Chrome/120.0.6099.144 Mobile Safari/537.36
oppo-cph2553	OPPO	A79 5G	CPH2553	2024	14	131.0.6778.135	UP1A.231005.007	8	8	ARM	Mali-G57 MC2	phone	Mozilla/5.0 (Linux; Android 14; CPH2553 Build/UP1A.231005.007) AppleWebKit/537.36 (KHTML, like Gecko) Chrome/131.0.6778.135 Mobile Safari/537.36
oppo-cph2557	OPPO	A79 5G	CPH2557	2024	14	131.0.6778.135	UP1A.231005.007	8	8	ARM	Mali-G57 MC2	phone	Mozilla/5.0 (Linux; Android 14; CPH2557 Build/UP1A.231005.007) AppleWebKit/537.36 (KHTML, like Gecko) Chrome/131.0.6778.135 Mobile Safari/537.36
oppo-cph2565	OPPO	A78	CPH2565	2023	13	120.0.6099.144	TP1A.220624.014	8	8	ARM	Mali-G52 MC2	phone	Mozilla/5.0 (Linux; Android 13; CPH2565 Build/TP1A.220624.014) AppleWebKit/537.36 (KHTML, like Gecko) Chrome/120.0.6099.144 Mobile Safari/537.36
oppo-cph2577	OPPO	A58	CPH2577	2022	12	108.0.5359.128	SP1A.210812.016	4	6	ARM	Mali-G57 MC2	phone	Mozilla/5.0 (Linux; Android 12; CPH2577 Build/SP1A.210812.016) AppleWebKit/537.36 (KHTML, like Gecko) Chrome/108.0.5359.128 Mobile Safari/537.36
oppo-cph2603	OPPO	Reno11 F 5G	CPH2603	2024	14	131.0.6778.135	UP1A.231005.007	8	8	ARM	Mali-G68 MC4	phone	Mozilla/5.0 (Linux; Android 14; CPH2603 Build/UP1A.231005.007) AppleWebKit/537.36 (KHTML, like Gecko) Chrome/131.0.6778.135 Mobile Safari/537.36
oppo-cph2617	OPPO	A59 5G	CPH2617	2022	12	108.0.5359.128	SP1A.210812.016	4	6	ARM	Mali-G57 MC2	phone	Mozilla/5.0 (Linux; Android 12; CPH2617 Build/SP1A.210812.016) AppleWebKit/537.36 (KHTML, like Gecko) Chrome/108.0.5359.128 Mobile Safari/537.36
oppo-cph2625	OPPO	Reno12 5G	CPH2625	2024	14	131.0.6778.135	UP1A.231005.007	8	8	ARM	Mali-G615 MC2	phone	Mozilla/5.0 (Linux; Android 14; CPH2625 Build/UP1A.231005.007) AppleWebKit/537.36 (KHTML, like Gecko) Chrome/131.0.6778.135 Mobile Safari/537.36
oppo-cph2629	OPPO	Reno12 Pro 5G	CPH2629	2024	14	131.0.6778.135	UP1A.231005.007	8	8	ARM	Mali-G615 MC2	phone	Mozilla/5.0 (Linux; Android 14; CPH2629 Build/UP1A.231005.007) AppleWebKit/537.36 (KHTML, like Gecko) Chrome/131.0.6778.135 Mobile Safari/537.36
oppo-cph2637	OPPO	Reno12 F 5G	CPH2637	2024	14	131.0.6778.135	UP1A.231005.007	8	8	ARM	Mali-G615 MC2	phone	Mozilla/5.0 (Linux; Android 14; CPH2637 Build/UP1A.231005.007) AppleWebKit/537.36 (KHTML, like Gecko) Chrome/131.0.6778.135 Mobile Safari/537.36
oppo-cph2687	OPPO	Reno12 F	CPH2687	2024	14	131.0.6778.135	UP1A.231005.007	8	8	ARM	Mali-G615 MC2	phone	Mozilla/5.0 (Linux; Android 14; CPH2687 Build/UP1A.231005.007) AppleWebKit/537.36 (KHTML, like Gecko) Chrome/131.0.6778.135 Mobile Safari/537.36
oppo-cph2689	OPPO	Reno13 5G	CPH2689	2025	15	138.0.7204.157	AP3A.241105.007	8	8	ARM	Mali-G615 MC6	phone	Mozilla/5.0 (Linux; Android 15; CPH2689 Build/AP3A.241105.007) AppleWebKit/537.36 (KHTML, like Gecko) Chrome/138.0.7204.157 Mobile Safari/537.36
oppo-cph2697	OPPO	Reno13 Pro 5G	CPH2697	2025	15	138.0.7204.157	AP3A.241105.007	8	8	ARM	Mali-G615 MC6	phone	Mozilla/5.0 (Linux; Android 15; CPH2697 Build/AP3A.241105.007) AppleWebKit/537.36 (KHTML, like Gecko) Chrome/138.0.7204.157 Mobile Safari/537.36
oppo-cph2699	OPPO	Reno13 F 5G	CPH2699	2025	15	138.0.7204.157	AP3A.241105.007	8	8	ARM	Mali-G615 MC2	phone	Mozilla/5.0 (Linux; Android 15; CPH2699 Build/AP3A.241105.007) AppleWebKit/537.36 (KHTML, like Gecko) Chrome/138.0.7204.157 Mobile Safari/537.36
oppo-cph2701	OPPO	Reno13 F	CPH2701	2025	15	138.0.7204.157	AP3A.241105.007	8	8	ARM	Mali-G615 MC2	phone	Mozilla/5.0 (Linux; Android 15; CPH2701 Build/AP3A.241105.007) AppleWebKit/537.36 (KHTML, like Gecko) Chrome/138.0.7204.157 Mobile Safari/537.36
oppo-opg05	OPPO	Reno13 A	OPG05	2025	15	138.0.7204.157	AP3A.241105.007	8	8	ARM	Mali-G615 MC2	phone	Mozilla/5.0 (Linux; Android 15; OPG05 Build/AP3A.241105.007) AppleWebKit/537.36 (KHTML, like Gecko) Chrome/138.0.7204.157 Mobile Safari/537.36
oppo-oppo-a57	OPPO	A57	OPPO A57	2022	12	108.0.5359.128	SP1A.210812.016	4	6	Imagination Technologies	PowerVR Rogue GE8320	phone	Mozilla/5.0 (Linux; Android 12; OPPO A57 Build/SP1A.210812.016) AppleWebKit/537.36 (KHTML, like Gecko) Chrome/108.0.5359.128 Mobile Safari/537.36
oppo-oppo-a57t	OPPO	A57	OPPO A57t	2022	12	108.0.5359.128	SP1A.210812.016	4	6	Imagination Technologies	PowerVR Rogue GE8320	phone	Mozilla/5.0 (Linux; Android 12; OPPO A57t Build/SP1A.210812.016) AppleWebKit/537.36 (KHTML, like Gecko) Chrome/108.0.5359.128 Mobile Safari/537.36
oppo-oppo-a59	OPPO	A59	OPPO A59	2022	12	108.0.5359.128	SP1A.210812.016	4	6	ARM	Mali-G52 MC2	phone	Mozilla/5.0 (Linux; Android 12; OPPO A59 Build/SP1A.210812.016) AppleWebKit/537.36 (KHTML, like Gecko) Chrome/108.0.5359.128 Mobile Safari/537.36
oppo-oppo-a59m	OPPO	A59	OPPO A59m	2022	12	108.0.5359.128	SP1A.210812.016	4	6	ARM	Mali-G52 MC2	phone	Mozilla/5.0 (Linux; Android 12; OPPO A59m Build/SP1A.210812.016) AppleWebKit/537.36 (KHTML, like Gecko) Chrome/108.0.5359.128 Mobile Safari/537.36
oppo-oppo-a59s	OPPO	A59	OPPO A59s	2022	12	108.0.5359.128	SP1A.210812.016	4	6	ARM	Mali-G52 MC2	phone	Mozilla/5.0 (Linux; Android 12; OPPO A59s Build/SP1A.210812.016) AppleWebKit/537.36 (KHTML, like Gecko) Chrome/108.0.5359.128 Mobile Safari/537.36
oppo-oppo-a77	OPPO	A77	OPPO A77	2023	13	120.0.6099.144	TP1A.220624.014	8	8	ARM	Mali-G52 MC2	phone	Mozilla/5.0 (Linux; Android 13; OPPO A77 Build/TP1A.220624.014) AppleWebKit/537.36 (KHTML, like Gecko) Chrome/120.0.6099.144 Mobile Safari/537.36
oppo-oppo-a77t	OPPO	A77	OPPO A77t	2023	13	120.0.6099.144	TP1A.220624.014	8	8	ARM	Mali-G52 MC2	phone	Mozilla/5.0 (Linux; Android 13; OPPO A77t Build/TP1A.220624.014) AppleWebKit/537.36 (KHTML, like Gecko) Chrome/120.0.6099.144 Mobile Safari/537.36
oppo-oppo-a79	OPPO	A79	OPPO A79	2024	14	131.0.6778.135	UP1A.231005.007	8	8	ARM	Mali-G52 MC2	phone	Mozilla/5.0 (Linux; Android 14; OPPO A79 Build/UP1A.231005.007) AppleWebKit/537.36 (KHTML, like Gecko) Chrome/131.0.6778.135 Mobile Safari/537.36
oppo-phu110	OPPO	OPPO Reno10 Pro+ 5G	PHU110	2023	13	120.0.6099.144	TP1A.220624.014	8	8	Qualcomm	Adreno (TM) 730	phone	Mozilla/5.0 (Linux; Android 13; PHU110 Build/TP1A.220624.014) AppleWebKit/537.36 (KHTML, like Gecko) Chrome/120.0.6099.144 Mobile Safari/537.36
oppo-phv110	OPPO	OPPO Reno10 Pro 5G	PHV110	2023	13	120.0.6099.144	TP1A.220624.014	8	8	ARM	Mali-G610 MC6	phone	Mozilla/5.0 (Linux; Android 13; PHV110 Build/TP1A.220624.014) AppleWebKit/537.36 (KHTML, like Gecko) Chrome/120.0.6099.144 Mobile Safari/537.36
oppo-phw110	OPPO	OPPO Reno10 5G	PHW110	2023	13	120.0.6099.144	TP1A.220624.014	8	8	ARM	Mali-G68 MC4	phone	Mozilla/5.0 (Linux; Android 13; PHW110 Build/TP1A.220624.014) AppleWebKit/537.36 (KHTML, like Gecko) Chrome/120.0.6099.144 Mobile Safari/537.36
oppo-pjh110	OPPO	Reno11	PJH110	2024	14	131.0.6778.135	UP1A.231005.007	8	8	ARM	Mali-G68 MC4	phone	Mozilla/5.0 (Linux; Android 14; PJH110 Build/UP1A.231005.007) AppleWebKit/537.36 (KHTML, like Gecko) Chrome/131.0.6778.135 Mobile Safari/537.36
oppo-pjj110	OPPO	Reno11 Pro	PJJ110	2024	14	131.0.6778.135	UP1A.231005.007	8	8	ARM	Mali-G610 MC6	phone	Mozilla/5.0 (Linux; Android 14; PJJ110 Build/UP1A.231005.007) AppleWebKit/537.36 (KHTML, like Gecko) Chrome/131.0.6778.135 Mobile Safari/537.36
oppo-pjv110	OPPO	Reno12	PJV110	2024	14	131.0.6778.135	UP1A.231005.007	8	8	ARM	Mali-G615 MC2	phone	Mozilla/5.0 (Linux; Android 14; PJV110 Build/UP1A.231005.007) AppleWebKit/537.36 (KHTML, like Gecko) Chrome/131.0.6778.135 Mobile Safari/537.36
oppo-pjw110	OPPO	Reno12 Pro	PJW110	2024	14	131.0.6778.135	UP1A.231005.007	8	8	ARM	Mali-G615 MC2	phone	Mozilla/5.0 (Linux; Android 14; PJW110 Build/UP1A.231005.007) AppleWebKit/537.36 (KHTML, like Gecko) Chrome/131.0.6778.135 Mobile Safari/537.36
oppo-pkk110	OPPO	Reno13 Pro	PKK110	2025	15	138.0.7204.157	AP3A.241105.007	8	8	ARM	Mali-G615 MC6	phone	Mozilla/5.0 (Linux; Android 15; PKK110 Build/AP3A.241105.007) AppleWebKit/537.36 (KHTML, like Gecko) Chrome/138.0.7204.157 Mobile Safari/537.36
oppo-pkm110	OPPO	Reno13	PKM110	2025	15	138.0.7204.157	AP3A.241105.007	8	8	ARM	Mali-G615 MC6	phone	Mozilla/5.0 (Linux; Android 15; PKM110 Build/AP3A.241105.007) AppleWebKit/537.36 (KHTML, like Gecko) Chrome/138.0.7204.157 Mobile Safari/537.36
oneplus-cph2399	OnePlus	OnePlus Nord 2T 5G	CPH2399	2022	12	108.0.5359.128	SP1A.210812.016	4	6	ARM	Mali-G77 MC9	phone	Mozilla/5.0 (Linux; Android 12; CPH2399 Build/SP1A.210812.016) AppleWebKit/537.36 (KHTML, like Gecko) Chrome/108.0.5359.128 Mobile Safari/537.36
oneplus-cph2401	OnePlus	OnePlus Nord 2T 5G	CPH2401	2022	12	108.0.5359.128	SP1A.210812.016	4	6	ARM	Mali-G77 MC9	phone	Mozilla/5.0 (Linux; Android 12; CPH2401 Build/SP1A.210812.016) AppleWebKit/537.36 (KHTML, like Gecko) Chrome/108.0.5359.128 Mobile Safari/537.36
oneplus-cph2411	OnePlus	OnePlus 10R 5G	CPH2411	2022	12	108.0.5359.128	SP1A.210812.016	4	6	ARM	Mali-G610 MC6	phone	Mozilla/5.0 (Linux; Android 12; CPH2411 Build/SP1A.210812.016) AppleWebKit/537.36 (KHTML, like Gecko) Chrome/108.0.5359.128 Mobile Safari/537.36
oneplus-cph2413	OnePlus	OnePlus 10T 5G	CPH2413	2022	12	108.0.5359.128	SP1A.210812.016	4	6	Qualcomm	Adreno (TM) 730	phone	Mozilla/5.0 (Linux; Android 12; CPH2413 Build/SP1A.210812.016) AppleWebKit/537.36 (KHTML, like Gecko) Chrome/108.0.5359.128 Mobile Safari/537.36
oneplus-cph2415	OnePlus	OnePlus 10T 5G	CPH2415	2022	12	108.0.5359.128	SP1A.210812.016	4	6	Qualcomm	Adreno (TM) 730	phone	Mozilla/5.0 (Linux; Android 12; CPH2415 Build/SP1A.210812.016) AppleWebKit/537.36 (KHTML, like Gecko) Chrome/108.0.5359.128 Mobile Safari/537.36
oneplus-cph2417	OnePlus	OnePlus 10T 5G	CPH2417	2022	12	108.0.5359.128	SP1A.210812.016	4	6	Qualcomm	Adreno (TM) 730	phone	Mozilla/5.0 (Linux; Android 12; CPH2417 Build/SP1A.210812.016) AppleWebKit/537.36 (KHTML, like Gecko) Chrome/108.0.5359.128 Mobile Safari/537.36
oneplus-cph2419	OnePlus	OnePlus 10T 5G	CPH2419	2022	12	108.0.5359.128	SP1A.210812.016	4	6	Qualcomm	Adreno (TM) 730	phone	Mozilla/5.0 (Linux; Android 12; CPH2419 Build/SP1A.210812.016) AppleWebKit/537.36 (KHTML, like Gecko) Chrome/108.0.5359.128 Mobile Safari/537.36
oneplus-cph2423	OnePlus	OnePlus 10R 5G	CPH2423	2022	12	108.0.5359.128	SP1A.210812.016	4	6	ARM	Mali-G610 MC6	phone	Mozilla/5.0 (Linux; Android 12; CPH2423 Build/SP1A.210812.016) AppleWebKit/537.36 (KHTML, like Gecko) Chrome/108.0.5359.128 Mobile Safari/537.36
oneplus-cph2447	OnePlus	OnePlus 11 5G	CPH2447	2023	13	120.0.6099.144	TP1A.220624.014	8	8	Qualcomm	Adreno (TM) 740	phone	Mozilla/5.0 (Linux; Android 13; CPH2447 Build/TP1A.220624.014) AppleWebKit/537.36 (KHTML, like Gecko) Chrome/120.0.6099.144 Mobile Safari/537.36
oneplus-cph2449	OnePlus	OnePlus 11 5G	CPH2449	2023	13	120.0.6099.144	TP1A.220624.014	8	8	Qualcomm	Adreno (TM) 740	phone	Mozilla/5.0 (Linux; Android 13; CPH2449 Build/TP1A.220624.014) AppleWebKit/537.36 (KHTML, like Gecko) Chrome/120.0.6099.144 Mobile Safari/537.36
oneplus-cph2451	OnePlus	OnePlus 11 5G	CPH2451	2023	13	120.0.6099.144	TP1A.220624.014	8	8	Qualcomm	Adreno (TM) 740	phone	Mozilla/5.0 (Linux; Android 13; CPH2451 Build/TP1A.220624.014) AppleWebKit/537.36 (KHTML, like Gecko) Chrome/120.0.6099.144 Mobile Safari/537.36
oneplus-cph2459	OnePlus	OnePlus Nord N20 5G	CPH2459	2022	12	108.0.5359.128	SP1A.210812.016	4	6	Qualcomm	Adreno (TM) 619	phone	Mozilla/5.0 (Linux; Android 12; CPH2459 Build/SP1A.210812.016) AppleWebKit/537.36 (KHTML, like Gecko) Chrome/108.0.5359.128 Mobile Safari/537.36
oneplus-cph2487	OnePlus	OnePlus 11R 5G	CPH2487	2023	13	120.0.6099.144	TP1A.220624.014	8	8	Qualcomm	Adreno (TM) 730	phone	Mozilla/5.0 (Linux; Android 13; CPH2487 Build/TP1A.220624.014) AppleWebKit/537.36 (KHTML, like Gecko) Chrome/120.0.6099.144 Mobile Safari/537.36
oneplus-cph2491	OnePlus	OnePlus Nord 3 5G	CPH2491	2023	13	120.0.6099.144	TP1A.220624.014	8	8	ARM	Mali-G710 MC10	phone	Mozilla/5.0 (Linux; Android 13; CPH2491 Build/TP1A.220624.014) AppleWebKit/537.36 (KHTML, like Gecko) Chrome/120.0.6099.144 Mobile Safari/537.36
oneplus-cph2493	OnePlus	OnePlus Nord 3 5G	CPH2493	2023	13	120.0.6099.144	TP1A.220624.014	8	8	ARM	Mali-G710 MC10	phone	Mozilla/5.0 (Linux; Android 13; CPH2493 Build/TP1A.220624.014) AppleWebKit/537.36 (KHTML, like Gecko) Chrome/120.0.6099.144 Mobile Safari/537.36
oneplus-cph2513	OnePlus	OnePlus Nord N30 5G	CPH2513	2023	13	120.0.6099.144	TP1A.220624.014	8	8	Qualcomm	Adreno (TM) 619	phone	Mozilla/5.0 (Linux; Android 13; CPH2513 Build/TP1A.220624.014) AppleWebKit/537.36 (KHTML, like Gecko) Chrome/120.0.6099.144 Mobile Safari/537.36
oneplus-cph2515	OnePlus	OnePlus Nord N30 5G	CPH2515	2023	13	120.0.6099.144	TP1A.220624.014	8	8	Qualcomm	Adreno (TM) 619	phone	Mozilla/5.0 (Linux; Android 13; CPH2515 Build/TP1A.220624.014) AppleWebKit/537.36 (KHTML, like Gecko) Chrome/120.0.6099.144 Mobile Safari/537.36
oneplus-cph2573	OnePlus	OnePlus 12	CPH2573	2024	14	131.0.6778.135	UP1A.231005.007	8	8	Qualcomm	Adreno (TM) 750	phone	Mozilla/5.0 (Linux; Android 14; CPH2573 Build/UP1A.231005.007) AppleWebKit/537.36 (KHTML, like Gecko) Chrome/131.0.6778.135 Mobile Safari/537.36
oneplus-cph2581	OnePlus	OnePlus 12	CPH2581	2024	14	131.0.6778.135	UP1A.231005.007	8	8	Qualcomm	Adreno (TM) 750	phone	Mozilla/5.0 (Linux; Android 14; CPH2581 Build/UP1A.231005.007) AppleWebKit/537.36 (KHTML, like Gecko) Chrome/131.0.6778.135 Mobile Safari/537.36
oneplus-cph2583	OnePlus	OnePlus 12	CPH2583	2024	14	131.0.6778.135	UP1A.231005.007	8	8	Qualcomm	Adreno (TM) 750	phone	Mozilla/5.0 (Linux; Android 14; CPH2583 Build/UP1A.231005.007) AppleWebKit/537.36 (KHTML, like Gecko) Chrome/131.0.6778.135 Mobile Safari/537.36
oneplus-cph2585	OnePlus	OnePlus 12R	CPH2585	2024	14	131.0.6778.135	UP1A.231005.007	8	8	Qualcomm	Adreno (TM) 740	phone	Mozilla/5.0 (Linux; Android 14; CPH2585 Build/UP1A.231005.007) AppleWebKit/537.36 (KHTML, like Gecko) Chrome/131.0.6778.135 Mobile Safari/537.36
oneplus-cph2609	OnePlus	OnePlus 12R	CPH2609	2024	14	131.0.6778.135	UP1A.231005.007	8	8	Qualcomm	Adreno (TM) 740	phone	Mozilla/5.0 (Linux; Android 14; CPH2609 Build/UP1A.231005.007) AppleWebKit/537.36 (KHTML, like Gecko) Chrome/131.0.6778.135 Mobile Safari/537.36
oneplus-cph2611	OnePlus	OnePlus 12R	CPH2611	2024	14	131.0.6778.135	UP1A.231005.007	8	8	Qualcomm	Adreno (TM) 740	phone	Mozilla/5.0 (Linux; Android 14; CPH2611 Build/UP1A.231005.007) AppleWebKit/537.36 (KHTML, like Gecko) Chrome/131.0.6778.135 Mobile Safari/537.36
oneplus-cph2645	OnePlus	OnePlus 13R	CPH2645	2025	15	138.0.7204.157	AP3A.241105.007	8	8	Qualcomm	Adreno (TM) 750	phone	Mozilla/5.0 (Linux; Android 15; CPH2645 Build/AP3A.241105.007) AppleWebKit/537.36 (KHTML, like Gecko) Chrome/138.0.7204.157 Mobile Safari/537.36
oneplus-cph2647	OnePlus	OnePlus 13R	CPH2647	2025	15	138.0.7204.157	AP3A.241105.007	8	8	Qualcomm	Adreno (TM) 750	phone	Mozilla/5.0 (Linux; Android 15; CPH2647 Build/AP3A.241105.007) AppleWebKit/537.36 (KHTML, like Gecko) Chrome/138.0.7204.157 Mobile Safari/537.36
oneplus-cph2649	OnePlus	OnePlus 13	CPH2649	2025	15	138.0.7204.157	AP3A.241105.007	8	8	Qualcomm	Adreno (TM) 830	phone	Mozilla/5.0 (Linux; Android 15; CPH2649 Build/AP3A.241105.007) AppleWebKit/537.36 (KHTML, like Gecko) Chrome/138.0.7204.157 Mobile Safari/537.36
oneplus-cph2653	OnePlus	OnePlus 13	CPH2653	2025	15	138.0.7204.157	AP3A.241105.007	8	8	Qualcomm	Adreno (TM) 830	phone	Mozilla/5.0 (Linux; Android 15; CPH2653 Build/AP3A.241105.007) AppleWebKit/537.36 (KHTML, like Gecko) Chrome/138.0.7204.157 Mobile Safari/537.36
oneplus-cph2655	OnePlus	OnePlus 13	CPH2655	2025	15	138.0.7204.157	AP3A.241105.007	8	8	Qualcomm	Adreno (TM) 830	phone	Mozilla/5.0 (Linux; Android 15; CPH2655 Build/AP3A.241105.007) AppleWebKit/537.36 (KHTML, like Gecko) Chrome/138.0.7204.157 Mobile Safari/537.36
oneplus-cph2661	OnePlus	OnePlus Nord 4	CPH2661	2024	14	131.0.6778.135	UP1A.231005.007	8	8	Qualcomm	Adreno (TM) 732	phone	Mozilla/5.0 (Linux; Android 14; CPH2661 Build/UP1A.231005.007) AppleWebKit/537.36 (KHTML, like Gecko) Chrome/131.0.6778.135 Mobile Safari/537.36
oneplus-cph2663	OnePlus	OnePlus Nord 4	CPH2663	2024	14	131.0.6778.135	UP1A.231005.007	8	8	Qualcomm	Adreno (TM) 732	phone	Mozilla/5.0 (Linux; Android 14; CPH2663 Build/UP1A.231005.007) AppleWebKit/537.36 (KHTML, like Gecko) Chrome/131.0.6778.135 Mobile Safari/537.36
oneplus-cph2691	OnePlus	OnePlus 13R	CPH2691	2025	15	138.0.7204.157	AP3A.241105.007	8	8	Qualcomm	Adreno (TM) 750	phone	Mozilla/5.0 (Linux; Android 15; CPH2691 Build/AP3A.241105.007) AppleWebKit/537.36 (KHTML, like Gecko) Chrome/138.0.7204.157 Mobile Safari/537.36
oneplus-cph2707	OnePlus	OnePlus Nord 5	CPH2707	2025	15	138.0.7204.157	AP3A.241105.007	8	8	Qualcomm	Adreno (TM) 735	phone	Mozilla/5.0 (Linux; Android 15; CPH2707 Build/AP3A.241105.007) AppleWebKit/537.36 (KHTML, like Gecko) Chrome/138.0.7204.157 Mobile Safari/537.36
oneplus-cph2709	OnePlus	OnePlus Nord 5	CPH2709	2025	15	138.0.7204.157	AP3A.241105.007	8	8	Qualcomm	Adreno (TM) 735	phone	Mozilla/5.0 (Linux; Android 15; CPH2709 Build/AP3A.241105.007) AppleWebKit/537.36 (KHTML, like Gecko) Chrome/138.0.7204.157 Mobile Safari/537.36
oneplus-gn2200	OnePlus	OnePlus Nord N20 5G	GN2200	2022	12	108.0.5359.128	SP1A.210812.016	4	6	Qualcomm	Adreno (TM) 619	phone	Mozilla/5.0 (Linux; Android 12; GN2200 Build/SP1A.210812.016) AppleWebKit/537.36 (KHTML, like Gecko) Chrome/108.0.5359.128 Mobile Safari/537.36
oneplus-ne2210	OnePlus	OnePlus 10 Pro	NE2210	2022	12	108.0.5359.128	SP1A.210812.016	4	6	Qualcomm	Adreno (TM) 730	phone	Mozilla/5.0 (Linux; Android 12; NE2210 Build/SP1A.210812.016) AppleWebKit/537.36 (KHTML, like Gecko) Chrome/108.0.5359.128 Mobile Safari/537.36
oneplus-ne2211	OnePlus	OnePlus 10 Pro 5G	NE2211	2022	12	108.0.5359.128	SP1A.210812.016	4	6	Qualcomm	Adreno (TM) 730	phone	Mozilla/5.0 (Linux; Android 12; NE2211 Build/SP1A.210812.016) AppleWebKit/537.36 (KHTML, like Gecko) Chrome/108.0.5359.128 Mobile Safari/537.36
oneplus-ne2213	OnePlus	OnePlus 10 Pro 5G	NE2213	2022	12	108.0.5359.128	SP1A.210812.016	4	6	Qualcomm	Adreno (TM) 730	phone	Mozilla/5.0 (Linux; Android 12; NE2213 Build/SP1A.210812.016) AppleWebKit/537.36 (KHTML, like Gecko) Chrome/108.0.5359.128 Mobile Safari/537.36
oneplus-ne2215	OnePlus	OnePlus 10 Pro 5G	NE2215	2022	12	108.0.5359.128	SP1A.210812.016	4	6	Qualcomm	Adreno (TM) 730	phone	Mozilla/5.0 (Linux; Android 12; NE2215 Build/SP1A.210812.016) AppleWebKit/537.36 (KHTML, like Gecko) Chrome/108.0.5359.128 Mobile Safari/537.36
oneplus-ne2217	OnePlus	OnePlus 10 Pro 5G	NE2217	2022	12	108.0.5359.128	SP1A.210812.016	4	6	Qualcomm	Adreno (TM) 730	phone	Mozilla/5.0 (Linux; Android 12; NE2217 Build/SP1A.210812.016) AppleWebKit/537.36 (KHTML, like Gecko) Chrome/108.0.5359.128 Mobile Safari/537.36
oneplus-pjd110	OnePlus	OnePlus 12	PJD110	2024	14	131.0.6778.135	UP1A.231005.007	8	8	Qualcomm	Adreno (TM) 750	phone	Mozilla/5.0 (Linux; Android 14; PJD110 Build/UP1A.231005.007) AppleWebKit/537.36 (KHTML, like Gecko) Chrome/131.0.6778.135 Mobile Safari/537.36
oneplus-pjz110	OnePlus	OnePlus 13	PJZ110	2025	15	138.0.7204.157	AP3A.241105.007	8	8	Qualcomm	Adreno (TM) 830	phone	Mozilla/5.0 (Linux; Android 15; PJZ110 Build/AP3A.241105.007) AppleWebKit/537.36 (KHTML, like Gecko) Chrome/138.0.7204.157 Mobile Safari/537.36
oneplus-pkx110	OnePlus	OnePlus 13T	PKX110	2025	15	138.0.7204.157	AP3A.241105.007	8	8	Qualcomm	Adreno (TM) 830	phone	Mozilla/5.0 (Linux; Android 15; PKX110 Build/AP3A.241105.007) AppleWebKit/537.36 (KHTML, like Gecko) Chrome/138.0.7204.157 Mobile Safari/537.36
poco-21091116ag	POCO	POCO M4 Pro 5G	21091116AG	2022	12	108.0.5359.128	SP1A.210812.016	4	6	ARM	Mali-G57 MC2	phone	Mozilla/5.0 (Linux; Android 12; 21091116AG Build/SP1A.210812.016) AppleWebKit/537.36 (KHTML, like Gecko) Chrome/108.0.5359.128 Mobile Safari/537.36
poco-21121210g	POCO	POCO F4 GT	21121210G	2022	12	108.0.5359.128	SP1A.210812.016	4	6	Qualcomm	Adreno (TM) 730	phone	Mozilla/5.0 (Linux; Android 12; 21121210G Build/SP1A.210812.016) AppleWebKit/537.36 (KHTML, like Gecko) Chrome/108.0.5359.128 Mobile Safari/537.36
poco-2201116pg	POCO	POCO X4 Pro 5G	2201116PG	2022	12	108.0.5359.128	SP1A.210812.016	4	6	Qualcomm	Adreno (TM) 619	phone	Mozilla/5.0 (Linux; Android 12; 2201116PG Build/SP1A.210812.016) AppleWebKit/537.36 (KHTML, like Gecko) Chrome/108.0.5359.128 Mobile Safari/537.36
poco-2201116pi	POCO	POCO X4 Pro 5G	2201116PI	2022	12	108.0.5359.128	SP1A.210812.016	4	6	Qualcomm	Adreno (TM) 619	phone	Mozilla/5.0 (Linux; Android 12; 2201116PI Build/SP1A.210812.016) AppleWebKit/537.36 (KHTML, like Gecko) Chrome/108.0.5359.128 Mobile Safari/537.36
poco-2201117pg	POCO	POCO M4 Pro	2201117PG	2022	12	108.0.5359.128	SP1A.210812.016	4	6	ARM	Mali-G57 MC2	phone	Mozilla/5.0 (Linux; Android 12; 2201117PG Build/SP1A.210812.016) AppleWebKit/537.36 (KHTML, like Gecko) Chrome/108.0.5359.128 Mobile Safari/537.36
poco-2201117pi	POCO	POCO M4 Pro	2201117PI	2022	12	108.0.5359.128	SP1A.210812.016	4	6	ARM	Mali-G57 MC2	phone	Mozilla/5.0 (Linux; Android 12; 2201117PI Build/SP1A.210812.016) AppleWebKit/537.36 (KHTML, like Gecko) Chrome/108.0.5359.128 Mobile Safari/537.36
poco-22021211rg	POCO	POCO F4	22021211RG	2022	12	108.0.5359.128	SP1A.210812.016	4	6	Qualcomm	Adreno (TM) 650	phone	Mozilla/5.0 (Linux; Android 12; 22021211RG Build/SP1A.210812.016) AppleWebKit/537.36 (KHTML, like Gecko) Chrome/108.0.5359.128 Mobile Safari/537.36
poco-22021211ri	POCO	POCO F4	22021211RI	2022	12	108.0.5359.128	SP1A.210812.016	4	6	Qualcomm	Adreno (TM) 650	phone	Mozilla/5.0 (Linux; Android 12; 22021211RI Build/SP1A.210812.016) AppleWebKit/537.36 (KHTML, like Gecko) Chrome/108.0.5359.128 Mobile Safari/537.36
poco-22041216g	POCO	POCO X4 GT	22041216G	2022	12	108.0.5359.128	SP1A.210812.016	4	6	ARM	Mali-G610 MC6	phone	Mozilla/5.0 (Linux; Android 12; 22041216G Build/SP1A.210812.016) AppleWebKit/537.36 (KHTML, like Gecko) Chrome/108.0.5359.128 Mobile Safari/537.36
poco-22041219pg	POCO	POCO M4 5G	22041219PG	2022	12	108.0.5359.128	SP1A.210812.016	4	6	ARM	Mali-G57 MC2	phone	Mozilla/5.0 (Linux; Android 12; 22041219PG Build/SP1A.210812.016) AppleWebKit/537.36 (KHTML, like Gecko) Chrome/108.0.5359.128 Mobile Safari/537.36
poco-22041219pi	POCO	POCO M4 5G	22041219PI	2022	12	108.0.5359.128	SP1A.210812.016	4	6	ARM	Mali-G57 MC2	phone	Mozilla/5.0 (Linux; Android 12; 22041219PI Build/SP1A.210812.016) AppleWebKit/537.36 (KHTML, like Gecko) Chrome/108.0.5359.128 Mobile Safari/537.36
poco-22071219cg	POCO	POCO M5	22071219CG	2023	13	120.0.6099.144	TP1A.220624.014	8	8	ARM	Mali-G57 MC2	phone	Mozilla/5.0 (Linux; Android 13; 22071219CG Build/TP1A.220624.014) AppleWebKit/537.36 (KHTML, like Gecko) Chrome/120.0.6099.144 Mobile Safari/537.36
poco-22071219ci	POCO	POCO M5	22071219CI	2023	13	120.0.6099.144	TP1A.220624.014	8	8	ARM	Mali-G57 MC2	phone	Mozilla/5.0 (Linux; Android 13; 22071219CI Build/TP1A.220624.014) AppleWebKit/537.36 (KHTML, like Gecko) Chrome/120.0.6099.144 Mobile Safari/537.36
poco-220733spi	POCO	POCO C50	220733SPI	2022	12	108.0.5359.128	SP1A.210812.016	4	6	Imagination Technologies	PowerVR Rogue GE8320	phone	Mozilla/5.0 (Linux; Android 12; 220733SPI Build/SP1A.210812.016) AppleWebKit/537.36 (KHTML, like Gecko) Chrome/108.0.5359.128 Mobile Safari/537.36
poco-22101320g	POCO	POCO X5 Pro 5G	22101320G	2023	13	120.0.6099.144	TP1A.220624.014	8	8	Qualcomm	Adreno (TM) 642L	phone	Mozilla/5.0 (Linux; Android 13; 22101320G Build/TP1A.220624.014) AppleWebKit/537.36 (KHTML, like Gecko) Chrome/120.0.6099.144 Mobile Safari/537.36
poco-22101320i	POCO	POCO X5 Pro 5G	22101320I	2023	13	120.0.6099.144	TP1A.220624.014	8	8	Qualcomm	Adreno (TM) 642L	phone	Mozilla/5.0 (Linux; Android 13; 22101320I Build/TP1A.220624.014) AppleWebKit/537.36 (KHTML, like Gecko) Chrome/120.0.6099.144 Mobile Safari/537.36
poco-22127pc95i	POCO	POCO C55	22127PC95I	2023	13	120.0.6099.144	TP1A.220624.014	8	8	ARM	Mali-G52 MC2	phone	Mozilla/5.0 (Linux; Android 13; 22127PC95I Build/TP1A.220624.014) AppleWebKit/537.36 (KHTML, like Gecko) Chrome/120.0.6099.144 Mobile Safari/537.36
poco-2302epcc4h	POCO	POCO C51	2302EPCC4H	2022	12	108.0.5359.128	SP1A.210812.016	4	6	Imagination Technologies	PowerVR Rogue GE8320	phone	Mozilla/5.0 (Linux; Android 12; 2302EPCC4H Build/SP1A.210812.016) AppleWebKit/537.36 (KHTML, like Gecko) Chrome/108.0.5359.128 Mobile Safari/537.36
poco-23049pcd8g	POCO	POCO F5	23049PCD8G	2023	13	120.0.6099.144	TP1A.220624.014	8	8	Qualcomm	Adreno (TM) 725	phone	Mozilla/5.0 (Linux; Android 13; 23049PCD8G Build/TP1A.220624.014) AppleWebKit/537.36 (KHTML, like Gecko) Chrome/120.0.6099.144 Mobile Safari/537.36
poco-23049pcd8i	POCO	POCO F5	23049PCD8I	2023	13	120.0.6099.144	TP1A.220624.014	8	8	Qualcomm	Adreno (TM) 725	phone	Mozilla/5.0 (Linux; Android 13; 23049PCD8I Build/TP1A.220624.014) AppleWebKit/537.36 (KHTML, like Gecko) Chrome/120.0.6099.144 Mobile Safari/537.36
poco-2305epcc4g	POCO	POCO C51	2305EPCC4G	2022	12	108.0.5359.128	SP1A.210812.016	4	6	Imagination Technologies	PowerVR Rogue GE8320	phone	Mozilla/5.0 (Linux; Android 12; 2305EPCC4G Build/SP1A.210812.016) AppleWebKit/537.36 (KHTML, like Gecko) Chrome/108.0.5359.128 Mobile Safari/537.36
poco-23076pc4bi	POCO	POCO M6 Pro 5G	23076PC4BI	2024	14	131.0.6778.135	UP1A.231005.007	8	8	ARM	Mali-G57 MC2	phone	Mozilla/5.0 (Linux; Android 14; 23076PC4BI Build/UP1A.231005.007) AppleWebKit/537.36 (KHTML, like Gecko) Chrome/131.0.6778.135 Mobile Safari/537.36
poco-2310fpca4g	POCO	POCO C65	2310FPCA4G	2023	13	120.0.6099.144	TP1A.220624.014	8	8	ARM	Mali-G52 MC2	phone	Mozilla/5.0 (Linux; Android 13; 2310FPCA4G Build/TP1A.220624.014) AppleWebKit/537.36 (KHTML, like Gecko) Chrome/120.0.6099.144 Mobile Safari/537.36
poco-2310fpca4i	POCO	POCO C65	2310FPCA4I	2023	13	120.0.6099.144	TP1A.220624.014	8	8	ARM	Mali-G52 MC2	phone	Mozilla/5.0 (Linux; Android 13; 2310FPCA4I Build/TP1A.220624.014) AppleWebKit/537.36 (KHTML, like Gecko) Chrome/120.0.6099.144 Mobile Safari/537.36
poco-23113rkc6g	POCO	POCO F6 Pro	23113RKC6G	2024	14	131.0.6778.135	UP1A.231005.007	8	8	Qualcomm	Adreno (TM) 740	phone	Mozilla/5.0 (Linux; Android 14; 23113RKC6G Build/UP1A.231005.007) AppleWebKit/537.36 (KHTML, like Gecko) Chrome/131.0.6778.135 Mobile Safari/537.36
poco-2311drk48g	POCO	POCO X6 Pro 5G	2311DRK48G	2024	14	131.0.6778.135	UP1A.231005.007	8	8	ARM	Mali-G615 MC6	phone	Mozilla/5.0 (Linux; Android 14; 2311DRK48G Build/UP1A.231005.007) AppleWebKit/537.36 (KHTML, like Gecko) Chrome/131.0.6778.135 Mobile Safari/537.36
poco-2311drk48i	POCO	POCO X6 Pro 5G	2311DRK48I	2024	14	131.0.6778.135	UP1A.231005.007	8	8	ARM	Mali-G615 MC6	phone	Mozilla/5.0 (Linux; Android 14; 2311DRK48I Build/UP1A.231005.007) AppleWebKit/537.36 (KHTML, like Gecko) Chrome/131.0.6778.135 Mobile Safari/537.36
poco-23122pcd1g	POCO	POCO X6 5G	23122PCD1G	2024	14	131.0.6778.135	UP1A.231005.007	8	8	Qualcomm	Adreno (TM) 710	phone	Mozilla/5.0 (Linux; Android 14; 23122PCD1G Build/UP1A.231005.007) AppleWebKit/537.36 (KHTML, like Gecko) Chrome/131.0.6778.135 Mobile Safari/537.36
poco-23122pcd1i	POCO	POCO X6 5G	23122PCD1I	2024	14	131.0.6778.135	UP1A.231005.007	8	8	Qualcomm	Adreno (TM) 710	phone	Mozilla/5.0 (Linux; Android 14; 23122PCD1I Build/UP1A.231005.007) AppleWebKit/537.36 (KHTML, like Gecko) Chrome/131.0.6778.135 Mobile Safari/537.36
poco-2312bpc51h	POCO	POCO C61	2312BPC51H	2023	13	120.0.6099.144	TP1A.220624.014	8	8	ARM	Mali-G52 MC2	phone	Mozilla/5.0 (Linux; Android 13; 2312BPC51H Build/TP1A.220624.014) AppleWebKit/537.36 (KHTML, like Gecko) Chrome/120.0.6099.144 Mobile Safari/537.36
poco-2312bpc51x	POCO	POCO C61	2312BPC51X	2023	13	120.0.6099.144	TP1A.220624.014	8	8	ARM	Mali-G52 MC2	phone	Mozilla/5.0 (Linux; Android 13; 2312BPC51X Build/TP1A.220624.014) AppleWebKit/537.36 (KHTML, like Gecko) Chrome/120.0.6099.144 Mobile Safari/537.36
poco-2312fpca6g	POCO	POCO M6 Pro	2312FPCA6G	2024	14	131.0.6778.135	UP1A.231005.007	8	8	ARM	Mali-G57 MC2	phone	Mozilla/5.0 (Linux; Android 14; 2312FPCA6G Build/UP1A.231005.007) AppleWebKit/537.36 (KHTML, like Gecko) Chrome/131.0.6778.135 Mobile Safari/537.36
poco-2404apc5fg	POCO	POCO M6	2404APC5FG	2024	14	131.0.6778.135	UP1A.231005.007	8	8	Qualcomm	Adreno (TM) 610	phone	Mozilla/5.0 (Linux; Android 14; 2404APC5FG Build/UP1A.231005.007) AppleWebKit/537.36 (KHTML, like Gecko) Chrome/131.0.6778.135 Mobile Safari/537.36
poco-24066pc95i	POCO	POCO M6 Plus 5G	24066PC95I	2024	14	131.0.6778.135	UP1A.231005.007	8	8	ARM	Mali-G57 MC2	phone	Mozilla/5.0 (Linux; Android 14; 24066PC95I Build/UP1A.231005.007) AppleWebKit/537.36 (KHTML, like Gecko) Chrome/131.0.6778.135 Mobile Safari/537.36
poco-24069pc21g	POCO	POCO F6	24069PC21G	2024	14	131.0.6778.135	UP1A.231005.007	8	8	Qualcomm	Adreno (TM) 735	phone	Mozilla/5.0 (Linux; Android 14; 24069PC21G Build/UP1A.231005.007) AppleWebKit/537.36 (KHTML, like Gecko) Chrome/131.0.6778.135 Mobile Safari/537.36
poco-24069pc21i	POCO	POCO F6	24069PC21I	2024	14	131.0.6778.135	UP1A.231005.007	8	8	Qualcomm	Adreno (TM) 735	phone	Mozilla/5.0 (Linux; Android 14; 24069PC21I Build/UP1A.231005.007) AppleWebKit/537.36 (KHTML, like Gecko) Chrome/131.0.6778.135 Mobile Safari/537.36
poco-24095pcadg	POCO	POCO X7	24095PCADG	2025	15	138.0.7204.157	AP3A.241105.007	8	8	ARM	Mali-G615 MC2	phone	Mozilla/5.0 (Linux; Android 15; 24095PCADG Build/AP3A.241105.007) AppleWebKit/537.36 (KHTML, like Gecko) Chrome/138.0.7204.157 Mobile Safari/537.36
poco-24095pcadi	POCO	POCO X7	24095PCADI	2025	15	138.0.7204.157	AP3A.241105.007	8	8	ARM	Mali-G615 MC2	phone	Mozilla/5.0 (Linux; Android 15; 24095PCADI Build/AP3A.241105.007) AppleWebKit/537.36 (KHTML, like Gecko) Chrome/138.0.7204.157 Mobile Safari/537.36
poco-2409fpcc4i	POCO	POCO M7 Pro 5G	2409FPCC4I	2025	15	138.0.7204.157	AP3A.241105.007	8	8	ARM	Mali-G57 MC2	phone	Mozilla/5.0 (Linux; Android 15; 2409FPCC4I Build/AP3A.241105.007) AppleWebKit/537.36 (KHTML, like Gecko) Chrome/138.0.7204.157 Mobile Safari/537.36
poco-24108pce2i	POCO	POCO M7 5G	24108PCE2I	2025	15	138.0.7204.157	AP3A.241105.007	8	8	ARM	Mali-G615 MC2	phone	Mozilla/5.0 (Linux; Android 15; 24108PCE2I Build/AP3A.241105.007) AppleWebKit/537.36 (KHTML, like Gecko) Chrome/138.0.7204.157 Mobile Safari/537.36
poco-2410fpcc5g	POCO	POCO C75	2410FPCC5G	2024	14	131.0.6778.135	UP1A.231005.007	8	8	ARM	Mali-G52 MC2	phone	Mozilla/5.0 (Linux; Android 14; 2410FPCC5G Build/UP1A.231005.007) AppleWebKit/537.36 (KHTML, like Gecko) Chrome/131.0.6778.135 Mobile Safari/537.36
poco-24116pcc1i	POCO	POCO C75 5G	24116PCC1I	2024	14	131.0.6778.135	UP1A.231005.007	8	8	ARM	Mali-G52 MC2	phone	Mozilla/5.0 (Linux; Android 14; 24116PCC1I Build/UP1A.231005.007) AppleWebKit/537.36 (KHTML, like Gecko) Chrome/131.0.6778.135 Mobile Safari/537.36
poco-2412dpc0ag	POCO	POCO X7 Pro	2412DPC0AG	2025	15	138.0.7204.157	AP3A.241105.007	8	8	ARM	Mali-G720-Immortalis MC7	phone	Mozilla/5.0 (Linux; Android 15; 2412DPC0AG Build/AP3A.241105.007) AppleWebKit/537.36 (KHTML, like Gecko) Chrome/138.0.7204.157 Mobile Safari/537.36
poco-2412dpc0ai	POCO	POCO X7 Pro	2412DPC0AI	2025	15	138.0.7204.157	AP3A.241105.007	8	8	ARM	Mali-G720-Immortalis MC7	phone	Mozilla/5.0 (Linux; Android 15; 2412DPC0AI Build/AP3A.241105.007) AppleWebKit/537.36 (KHTML, like Gecko) Chrome/138.0.7204.157 Mobile Safari/537.36
poco-25028pc03g	POCO	POCO C71	25028PC03G	2023	13	120.0.6099.144	TP1A.220624.014	8	8	ARM	Mali-G52 MC2	phone	Mozilla/5.0 (Linux; Android 13; 25028PC03G Build/TP1A.220624.014) AppleWebKit/537.36 (KHTML, like Gecko) Chrome/120.0.6099.144 Mobile Safari/537.36
poco-25028pc03i	POCO	POCO C71	25028PC03I	2023	13	120.0.6099.144	TP1A.220624.014	8	8	ARM	Mali-G52 MC2	phone	Mozilla/5.0 (Linux; Android 13; 25028PC03I Build/TP1A.220624.014) AppleWebKit/537.36 (KHTML, like Gecko) Chrome/120.0.6099.144 Mobile Safari/537.36
poco-25057pc09i	POCO	POCO M7 Plus 5G	25057PC09I	2025	15	138.0.7204.157	AP3A.241105.007	8	8	ARM	Mali-G57 MC2	phone	Mozilla/5.0 (Linux; Android 15; 25057PC09I Build/AP3A.241105.007) AppleWebKit/537.36 (KHTML, like Gecko) Chrome/138.0.7204.157 Mobile Safari/537.36
poco-25062pc34e	POCO	POCO M7	25062PC34E	2025	15	138.0.7204.157	AP3A.241105.007	8	8	ARM	Mali-G615 MC2	phone	Mozilla/5.0 (Linux; Android 15; 25062PC34E Build/AP3A.241105.007) AppleWebKit/537.36 (KHTML, like Gecko) Chrome/138.0.7204.157 Mobile Safari/537.36
poco-25062pc34g	POCO	POCO M7	25062PC34G	2025	15	138.0.7204.157	AP3A.241105.007	8	8	ARM	Mali-G615 MC2	phone	Mozilla/5.0 (Linux; Android 15; 25062PC34G Build/AP3A.241105.007) AppleWebKit/537.36 (KHTML, like Gecko) Chrome/138.0.7204.157 Mobile Safari/537.36
poco-25078pc3ee	POCO	POCO C85	25078PC3EE	2025	15	138.0.7204.157	AP3A.241105.007	8	8	ARM	Mali-G52 MC2	phone	Mozilla/5.0 (Linux; Android 15; 25078PC3EE Build/AP3A.241105.007) AppleWebKit/537.36 (KHTML, like Gecko) Chrome/138.0.7204.157 Mobile Safari/537.36
poco-25078pc3eg	POCO	POCO C85	25078PC3EG	2025	15	138.0.7204.157	AP3A.241105.007	8	8	ARM	Mali-G52 MC2	phone	Mozilla/5.0 (Linux; Android 15; 25078PC3EG Build/AP3A.241105.007) AppleWebKit/537.36 (KHTML, like Gecko) Chrome/138.0.7204.157 Mobile Safari/537.36
poco-2508cpc2bi	POCO	POCO C85 5G	2508CPC2BI	2025	15	138.0.7204.157	AP3A.241105.007	8	8	ARM	Mali-G52 MC2	phone	Mozilla/5.0 (Linux; Android 15; 2508CPC2BI Build/AP3A.241105.007) AppleWebKit/537.36 (KHTML, like Gecko) Chrome/138.0.7204.157 Mobile Safari/537.36
poco-25128pc17g	POCO	POCO C81 Pro	25128PC17G	2024	14	131.0.6778.135	UP1A.231005.007	8	8	ARM	Mali-G52 MC2	phone	Mozilla/5.0 (Linux; Android 14; 25128PC17G Build/UP1A.231005.007) AppleWebKit/537.36 (KHTML, like Gecko) Chrome/131.0.6778.135 Mobile Safari/537.36
poco-25128pc17i	POCO	POCO C81	25128PC17I	2024	14	131.0.6778.135	UP1A.231005.007	8	8	ARM	Mali-G52 MC2	phone	Mozilla/5.0 (Linux; Android 14; 25128PC17I Build/UP1A.231005.007) AppleWebKit/537.36 (KHTML, like Gecko) Chrome/131.0.6778.135 Mobile Safari/537.36
poco-25128pc17l	POCO	POCO C81 Pro	25128PC17L	2024	14	131.0.6778.135	UP1A.231005.007	8	8	ARM	Mali-G52 MC2	phone	Mozilla/5.0 (Linux; Android 14; 25128PC17L Build/UP1A.231005.007) AppleWebKit/537.36 (KHTML, like Gecko) Chrome/131.0.6778.135 Mobile Safari/537.36
poco-25128pc17y	POCO	POCO C81 Pro	25128PC17Y	2024	14	131.0.6778.135	UP1A.231005.007	8	8	ARM	Mali-G52 MC2	phone	Mozilla/5.0 (Linux; Android 14; 25128PC17Y Build/UP1A.231005.007) AppleWebKit/537.36 (KHTML, like Gecko) Chrome/131.0.6778.135 Mobile Safari/537.36
redmi-21061119ag	Redmi	Redmi 10 2022	21061119AG	2022	12	108.0.5359.128	SP1A.210812.016	4	6	ARM	Mali-G52 MC2	phone	Mozilla/5.0 (Linux; Android 12; 21061119AG Build/SP1A.210812.016) AppleWebKit/537.36 (KHTML, like Gecko) Chrome/108.0.5359.128 Mobile Safari/537.36
redmi-21061119al	Redmi	Redmi 10 2022	21061119AL	2022	12	108.0.5359.128	SP1A.210812.016	4	6	ARM	Mali-G52 MC2	phone	Mozilla/5.0 (Linux; Android 12; 21061119AL Build/SP1A.210812.016) AppleWebKit/537.36 (KHTML, like Gecko) Chrome/108.0.5359.128 Mobile Safari/537.36
redmi-21061119dg	Redmi	Redmi 10 2022	21061119DG	2022	12	108.0.5359.128	SP1A.210812.016	4	6	ARM	Mali-G52 MC2	phone	Mozilla/5.0 (Linux; Android 12; 21061119DG Build/SP1A.210812.016) AppleWebKit/537.36 (KHTML, like Gecko) Chrome/108.0.5359.128 Mobile Safari/537.36
redmi-21121119sg	Redmi	Redmi 10 2022	21121119SG	2022	12	108.0.5359.128	SP1A.210812.016	4	6	ARM	Mali-G52 MC2	phone	Mozilla/5.0 (Linux; Android 12; 21121119SG Build/SP1A.210812.016) AppleWebKit/537.36 (KHTML, like Gecko) Chrome/108.0.5359.128 Mobile Safari/537.36
redmi-21121119vl	Redmi	Redmi 10 2022	21121119VL	2022	12	108.0.5359.128	SP1A.210812.016	4	6	ARM	Mali-G52 MC2	phone	Mozilla/5.0 (Linux; Android 12; 21121119VL Build/SP1A.210812.016) AppleWebKit/537.36 (KHTML, like Gecko) Chrome/108.0.5359.128 Mobile Safari/537.36
redmi-22011119uy	Redmi	Redmi 10 2022	22011119UY	2022	12	108.0.5359.128	SP1A.210812.016	4	6	ARM	Mali-G52 MC2	phone	Mozilla/5.0 (Linux; Android 12; 22011119UY Build/SP1A.210812.016) AppleWebKit/537.36 (KHTML, like Gecko) Chrome/108.0.5359.128 Mobile Safari/537.36
redmi-24117rk2cc	Redmi	REDMI K80	24117RK2CC	2025	15	138.0.7204.157	AP3A.241105.007	8	8	Qualcomm	Adreno (TM) 750	phone	Mozilla/5.0 (Linux; Android 15; 24117RK2CC Build/AP3A.241105.007) AppleWebKit/537.36 (KHTML, like Gecko) Chrome/138.0.7204.157 Mobile Safari/537.36
redmi-24122rkc7c	Redmi	REDMI K80 Pro	24122RKC7C	2025	15	138.0.7204.157	AP3A.241105.007	8	8	Qualcomm	Adreno (TM) 830	phone	Mozilla/5.0 (Linux; Android 15; 24122RKC7C Build/AP3A.241105.007) AppleWebKit/537.36 (KHTML, like Gecko) Chrome/138.0.7204.157 Mobile Safari/537.36
redmi-25057ra09c	Redmi	REDMI Note 15R	25057RA09C	2025	15	138.0.7204.157	AP3A.241105.007	8	8	ARM	Mali-G57 MC2	phone	Mozilla/5.0 (Linux; Android 15; 25057RA09C Build/AP3A.241105.007) AppleWebKit/537.36 (KHTML, like Gecko) Chrome/138.0.7204.157 Mobile Safari/537.36
redmi-25060rk16c	Redmi	REDMI K80 Ultra	25060RK16C	2025	15	138.0.7204.157	AP3A.241105.007	8	8	ARM	Mali-G925-Immortalis MC12	phone	Mozilla/5.0 (Linux; Android 15; 25060RK16C Build/AP3A.241105.007) AppleWebKit/537.36 (KHTML, like Gecko) Chrome/138.0.7204.157 Mobile Safari/537.36
redmi-25080rabdc	Redmi	REDMI Note 15 Pro	25080RABDC	2025	15	138.0.7204.157	AP3A.241105.007	8	8	ARM	Mali-G57 MC2	phone	Mozilla/5.0 (Linux; Android 15; 25080RABDC Build/AP3A.241105.007) AppleWebKit/537.36 (KHTML, like Gecko) Chrome/138.0.7204.157 Mobile Safari/537.36
redmi-25080rabdg	Redmi	REDMI Note 15 Pro 5G	25080RABDG	2025	15	138.0.7204.157	AP3A.241105.007	8	8	Qualcomm	Adreno (TM) 710	phone	Mozilla/5.0 (Linux; Android 15; 25080RABDG Build/AP3A.241105.007) AppleWebKit/537.36 (KHTML, like Gecko) Chrome/138.0.7204.157 Mobile Safari/537.36
redmi-25080rabdi	Redmi	REDMI Note 15 Pro 5G	25080RABDI	2025	15	138.0.7204.157	AP3A.241105.007	8	8	Qualcomm	Adreno (TM) 710	phone	Mozilla/5.0 (Linux; Android 15; 25080RABDI Build/AP3A.241105.007) AppleWebKit/537.36 (KHTML, like Gecko) Chrome/138.0.7204.157 Mobile Safari/537.36
redmi-25080rabdr	Redmi	REDMI Note 15 Pro 5G	25080RABDR	2025	15	138.0.7204.157	AP3A.241105.007	8	8	Qualcomm	Adreno (TM) 710	phone	Mozilla/5.0 (Linux; Android 15; 25080RABDR Build/AP3A.241105.007) AppleWebKit/537.36 (KHTML, like Gecko) Chrome/138.0.7204.157 Mobile Safari/537.36
redmi-2508crn2bi	Redmi	REDMI 15C 5G	2508CRN2BI	2025	15	138.0.7204.157	AP3A.241105.007	8	8	ARM	Mali-G57 MC2	phone	Mozilla/5.0 (Linux; Android 15; 2508CRN2BI Build/AP3A.241105.007) AppleWebKit/537.36 (KHTML, like Gecko) Chrome/138.0.7204.157 Mobile Safari/537.36
redmi-25098ra98c	Redmi	REDMI Note 15	25098RA98C	2025	15	138.0.7204.157	AP3A.241105.007	8	8	ARM	Mali-G57 MC2	phone	Mozilla/5.0 (Linux; Android 15; 25098RA98C Build/AP3A.241105.007) AppleWebKit/537.36 (KHTML, like Gecko) Chrome/138.0.7204.157 Mobile Safari/537.36
redmi-25098ra98g	Redmi	REDMI Note 15 5G	25098RA98G	2025	15	138.0.7204.157	AP3A.241105.007	8	8	ARM	Mali-G615 MC2	phone	Mozilla/5.0 (Linux; Android 15; 25098RA98G Build/AP3A.241105.007) AppleWebKit/537.36 (KHTML, like Gecko) Chrome/138.0.7204.157 Mobile Safari/537.36
redmi-25098ra98i	Redmi	REDMI Note 15 5G	25098RA98I	2025	15	138.0.7204.157	AP3A.241105.007	8	8	ARM	Mali-G615 MC2	phone	Mozilla/5.0 (Linux; Android 15; 25098RA98I Build/AP3A.241105.007) AppleWebKit/537.36 (KHTML, like Gecko) Chrome/138.0.7204.157 Mobile Safari/537.36
redmi-25098ra98t	Redmi	REDMI Note 15 5G	25098RA98T	2025	15	138.0.7204.157	AP3A.241105.007	8	8	ARM	Mali-G615 MC2	phone	Mozilla/5.0 (Linux; Android 15; 25098RA98T Build/AP3A.241105.007) AppleWebKit/537.36 (KHTML, like Gecko) Chrome/138.0.7204.157 Mobile Safari/537.36
redmi-25100ra69g	Redmi	REDMI Note 15 Pro	25100RA69G	2025	15	138.0.7204.157	AP3A.241105.007	8	8	ARM	Mali-G57 MC2	phone	Mozilla/5.0 (Linux; Android 15; 25100RA69G Build/AP3A.241105.007) AppleWebKit/537.36 (KHTML, like Gecko) Chrome/138.0.7204.157 Mobile Safari/537.36
redmi-25104radac	Redmi	REDMI Note 15 Pro+	25104RADAC	2025	15	138.0.7204.157	AP3A.241105.007	8	8	Qualcomm	Adreno (TM) 710	phone	Mozilla/5.0 (Linux; Android 15; 25104RADAC Build/AP3A.241105.007) AppleWebKit/537.36 (KHTML, like Gecko) Chrome/138.0.7204.157 Mobile Safari/537.36
redmi-2510dra23e	Redmi	REDMI Note 15	2510DRA23E	2025	15	138.0.7204.157	AP3A.241105.007	8	8	ARM	Mali-G57 MC2	phone	Mozilla/5.0 (Linux; Android 15; 2510DRA23E Build/AP3A.241105.007) AppleWebKit/537.36 (KHTML, like Gecko) Chrome/138.0.7204.157 Mobile Safari/537.36
redmi-2510dra23g	Redmi	REDMI Note 15	2510DRA23G	2025	15	138.0.7204.157	AP3A.241105.007	8	8	ARM	Mali-G57 MC2	phone	Mozilla/5.0 (Linux; Android 15; 2510DRA23G Build/AP3A.241105.007) AppleWebKit/537.36 (KHTML, like Gecko) Chrome/138.0.7204.157 Mobile Safari/537.36
redmi-2510dra23l	Redmi	REDMI Note 15	2510DRA23L	2025	15	138.0.7204.157	AP3A.241105.007	8	8	ARM	Mali-G57 MC2	phone	Mozilla/5.0 (Linux; Android 15; 2510DRA23L Build/AP3A.241105.007) AppleWebKit/537.36 (KHTML, like Gecko) Chrome/138.0.7204.157 Mobile Safari/537.36
redmi-2510drk44c	Redmi	REDMI K90	2510DRK44C	2025	15	138.0.7204.157	AP3A.241105.007	8	8	Qualcomm	Adreno (TM) 840	phone	Mozilla/5.0 (Linux; Android 15; 2510DRK44C Build/AP3A.241105.007) AppleWebKit/537.36 (KHTML, like Gecko) Chrome/138.0.7204.157 Mobile Safari/537.36
redmi-2510era8bc	Redmi	REDMI Note 15 Pro+	2510ERA8BC	2025	15	138.0.7204.157	AP3A.241105.007	8	8	Qualcomm	Adreno (TM) 710	phone	Mozilla/5.0 (Linux; Android 15; 2510ERA8BC Build/AP3A.241105.007) AppleWebKit/537.36 (KHTML, like Gecko) Chrome/138.0.7204.157 Mobile Safari/537.36
redmi-25128rn17a	Redmi	REDMI A7 Pro	25128RN17A	2025	15	138.0.7204.157	AP3A.241105.007	8	8	ARM	Mali-G52 MC2	phone	Mozilla/5.0 (Linux; Android 15; 25128RN17A Build/AP3A.241105.007) AppleWebKit/537.36 (KHTML, like Gecko) Chrome/138.0.7204.157 Mobile Safari/537.36
redmi-25128rn17i	Redmi	REDMI A7 Pro	25128RN17I	2025	15	138.0.7204.157	AP3A.241105.007	8	8	ARM	Mali-G52 MC2	phone	Mozilla/5.0 (Linux; Android 15; 25128RN17I Build/AP3A.241105.007) AppleWebKit/537.36 (KHTML, like Gecko) Chrome/138.0.7204.157 Mobile Safari/537.36
redmi-25128rn17l	Redmi	REDMI A7 Pro	25128RN17L	2025	15	138.0.7204.157	AP3A.241105.007	8	8	ARM	Mali-G52 MC2	phone	Mozilla/5.0 (Linux; Android 15; 25128RN17L Build/AP3A.241105.007) AppleWebKit/537.36 (KHTML, like Gecko) Chrome/138.0.7204.157 Mobile Safari/537.36
redmi-25128rn17y	Redmi	REDMI A7 Pro	25128RN17Y	2025	15	138.0.7204.157	AP3A.241105.007	8	8	ARM	Mali-G52 MC2	phone	Mozilla/5.0 (Linux; Android 15; 25128RN17Y Build/AP3A.241105.007) AppleWebKit/537.36 (KHTML, like Gecko) Chrome/138.0.7204.157 Mobile Safari/537.36
redmi-26012rn62a	Redmi	REDMI Note 17	26012RN62A	2025	15	138.0.7204.157	AP3A.241105.007	8	8	ARM	Mali-G57 MC2	phone	Mozilla/5.0 (Linux; Android 15; 26012RN62A Build/AP3A.241105.007) AppleWebKit/537.36 (KHTML, like Gecko) Chrome/138.0.7204.157 Mobile Safari/537.36
redmi-26012rn62l	Redmi	REDMI Note 17	26012RN62L	2025	15	138.0.7204.157	AP3A.241105.007	8	8	ARM	Mali-G57 MC2	phone	Mozilla/5.0 (Linux; Android 15; 26012RN62L Build/AP3A.241105.007) AppleWebKit/537.36 (KHTML, like Gecko) Chrome/138.0.7204.157 Mobile Safari/537.36
redmi-26012rn62y	Redmi	REDMI Note 17	26012RN62Y	2025	15	138.0.7204.157	AP3A.241105.007	8	8	ARM	Mali-G57 MC2	phone	Mozilla/5.0 (Linux; Android 15; 26012RN62Y Build/AP3A.241105.007) AppleWebKit/537.36 (KHTML, like Gecko) Chrome/138.0.7204.157 Mobile Safari/537.36
redmi-26020rn1ai	Redmi	REDMI A7 Pro 5G	26020RN1AI	2025	15	138.0.7204.157	AP3A.241105.007	8	8	ARM	Mali-G57 MP1	phone	Mozilla/5.0 (Linux; Android 15; 26020RN1AI Build/AP3A.241105.007) AppleWebKit/537.36 (KHTML, like Gecko) Chrome/138.0.7204.157 Mobile Safari/537.36
redmi-26020rnb4a	Redmi	REDMI A7	26020RNB4A	2025	15	138.0.7204.157	AP3A.241105.007	8	8	ARM	Mali-G52 MC2	phone	Mozilla/5.0 (Linux; Android 15; 26020RNB4A Build/AP3A.241105.007) AppleWebKit/537.36 (KHTML, like Gecko) Chrome/138.0.7204.157 Mobile Safari/537.36
redmi-26020rnb4i	Redmi	REDMI A7	26020RNB4I	2025	15	138.0.7204.157	AP3A.241105.007	8	8	ARM	Mali-G52 MC2	phone	Mozilla/5.0 (Linux; Android 15; 26020RNB4I Build/AP3A.241105.007) AppleWebKit/537.36 (KHTML, like Gecko) Chrome/138.0.7204.157 Mobile Safari/537.36
redmi-26020rnb4l	Redmi	REDMI A7	26020RNB4L	2025	15	138.0.7204.157	AP3A.241105.007	8	8	ARM	Mali-G52 MC2	phone	Mozilla/5.0 (Linux; Android 15; 26020RNB4L Build/AP3A.241105.007) AppleWebKit/537.36 (KHTML, like Gecko) Chrome/138.0.7204.157 Mobile Safari/537.36
redmi-26021rn18c	Redmi	REDMI Note 17	26021RN18C	2025	15	138.0.7204.157	AP3A.241105.007	8	8	ARM	Mali-G57 MC2	phone	Mozilla/5.0 (Linux; Android 15; 26021RN18C Build/AP3A.241105.007) AppleWebKit/537.36 (KHTML, like Gecko) Chrome/138.0.7204.157 Mobile Safari/537.36
redmi-26021rn18i	Redmi	REDMI Note 17 5G	26021RN18I	2025	15	138.0.7204.157	AP3A.241105.007	8	8	ARM	Mali-G615 MC2	phone	Mozilla/5.0 (Linux; Android 15; 26021RN18I Build/AP3A.241105.007) AppleWebKit/537.36 (KHTML, like Gecko) Chrome/138.0.7204.157 Mobile Safari/537.36
redmi-26062rn92g	Redmi	REDMI 17 5G	26062RN92G	2025	15	138.0.7204.157	AP3A.241105.007	8	8	ARM	Mali-G57 MC2	phone	Mozilla/5.0 (Linux; Android 15; 26062RN92G Build/AP3A.241105.007) AppleWebKit/537.36 (KHTML, like Gecko) Chrome/138.0.7204.157 Mobile Safari/537.36
redmi-26062rn92i	Redmi	REDMI 17 5G	26062RN92I	2025	15	138.0.7204.157	AP3A.241105.007	8	8	ARM	Mali-G57 MC2	phone	Mozilla/5.0 (Linux; Android 15; 26062RN92I Build/AP3A.241105.007) AppleWebKit/537.36 (KHTML, like Gecko) Chrome/138.0.7204.157 Mobile Safari/537.36
redmi-2607dra18c	Redmi	REDMI Note 17 Pro	2607DRA18C	2025	15	138.0.7204.157	AP3A.241105.007	8	8	ARM	Mali-G57 MC2	phone	Mozilla/5.0 (Linux; Android 15; 2607DRA18C Build/AP3A.241105.007) AppleWebKit/537.36 (KHTML, like Gecko) Chrome/138.0.7204.157 Mobile Safari/537.36
redmi-2607dra18g	Redmi	REDMI Note 17 Pro 5G	2607DRA18G	2025	15	138.0.7204.157	AP3A.241105.007	8	8	Qualcomm	Adreno (TM) 710	phone	Mozilla/5.0 (Linux; Android 15; 2607DRA18G Build/AP3A.241105.007) AppleWebKit/537.36 (KHTML, like Gecko) Chrome/138.0.7204.157 Mobile Safari/537.36
redmi-2607dra18i	Redmi	REDMI Note 17 Pro 5G	2607DRA18I	2025	15	138.0.7204.157	AP3A.241105.007	8	8	Qualcomm	Adreno (TM) 710	phone	Mozilla/5.0 (Linux; Android 15; 2607DRA18I Build/AP3A.241105.007) AppleWebKit/537.36 (KHTML, like Gecko) Chrome/138.0.7204.157 Mobile Safari/537.36
redmi-2607dra18t	Redmi	REDMI Note 17 Pro 5G	2607DRA18T	2025	15	138.0.7204.157	AP3A.241105.007	8	8	Qualcomm	Adreno (TM) 710	phone	Mozilla/5.0 (Linux; Android 15; 2607DRA18T Build/AP3A.241105.007) AppleWebKit/537.36 (KHTML, like Gecko) Chrome/138.0.7204.157 Mobile Safari/537.36
redmi-2607frneag	Redmi	REDMI 17C 5G	2607FRNEAG	2025	15	138.0.7204.157	AP3A.241105.007	8	8	ARM	Mali-G57 MC2	phone	Mozilla/5.0 (Linux; Android 15; 2607FRNEAG Build/AP3A.241105.007) AppleWebKit/537.36 (KHTML, like Gecko) Chrome/138.0.7204.157 Mobile Safari/537.36
redmi-26081ra18g	Redmi	REDMI Note 17 5G	26081RA18G	2025	15	138.0.7204.157	AP3A.241105.007	8	8	ARM	Mali-G615 MC2	phone	Mozilla/5.0 (Linux; Android 15; 26081RA18G Build/AP3A.241105.007) AppleWebKit/537.36 (KHTML, like Gecko) Chrome/138.0.7204.157 Mobile Safari/537.36
redmi-26081ra18l	Redmi	REDMI Note 17 5G	26081RA18L	2025	15	138.0.7204.157	AP3A.241105.007	8	8	ARM	Mali-G615 MC2	phone	Mozilla/5.0 (Linux; Android 15; 26081RA18L Build/AP3A.241105.007) AppleWebKit/537.36 (KHTML, like Gecko) Chrome/138.0.7204.157 Mobile Safari/537.36
samsung-sc-51c	Samsung	Galaxy S22	SC-51C	2022	12	108.0.5359.128	SP1A.210812.016	4	6	Qualcomm	Adreno (TM) 730	phone	Mozilla/5.0 (Linux; Android 12; SC-51C Build/SP1A.210812.016) AppleWebKit/537.36 (KHTML, like Gecko) Chrome/108.0.5359.128 Mobile Safari/537.36
samsung-sc-51d	Samsung	Galaxy S23	SC-51D	2023	13	120.0.6099.144	TP1A.220624.014	8	8	Qualcomm	Adreno (TM) 740	phone	Mozilla/5.0 (Linux; Android 13; SC-51D Build/TP1A.220624.014) AppleWebKit/537.36 (KHTML, like Gecko) Chrome/120.0.6099.144 Mobile Safari/537.36
samsung-sc-51e	Samsung	Galaxy S24	SC-51E	2024	14	131.0.6778.135	UP1A.231005.007	8	8	Qualcomm	Adreno (TM) 750	phone	Mozilla/5.0 (Linux; Android 14; SC-51E Build/UP1A.231005.007) AppleWebKit/537.36 (KHTML, like Gecko) Chrome/131.0.6778.135 Mobile Safari/537.36
samsung-sc-51f	Samsung	Galaxy S25	SC-51F	2025	15	138.0.7204.157	AP3A.241105.007	8	8	Qualcomm	Adreno (TM) 830	phone	Mozilla/5.0 (Linux; Android 15; SC-51F Build/AP3A.241105.007) AppleWebKit/537.36 (KHTML, like Gecko) Chrome/138.0.7204.157 Mobile Safari/537.36
samsung-sc-52c	Samsung	Galaxy S22 Ultra	SC-52C	2022	12	108.0.5359.128	SP1A.210812.016	4	6	Qualcomm	Adreno (TM) 730	phone	Mozilla/5.0 (Linux; Android 12; SC-52C Build/SP1A.210812.016) AppleWebKit/537.36 (KHTML, like Gecko) Chrome/108.0.5359.128 Mobile Safari/537.36
samsung-sc-52d	Samsung	Galaxy S23 Ultra	SC-52D	2023	13	120.0.6099.144	TP1A.220624.014	8	8	Qualcomm	Adreno (TM) 740	phone	Mozilla/5.0 (Linux; Android 13; SC-52D Build/TP1A.220624.014) AppleWebKit/537.36 (KHTML, like Gecko) Chrome/120.0.6099.144 Mobile Safari/537.36
samsung-sc-52e	Samsung	Galaxy S24 Ultra	SC-52E	2024	14	131.0.6778.135	UP1A.231005.007	8	8	Qualcomm	Adreno (TM) 750	phone	Mozilla/5.0 (Linux; Android 14; SC-52E Build/UP1A.231005.007) AppleWebKit/537.36 (KHTML, like Gecko) Chrome/131.0.6778.135 Mobile Safari/537.36
samsung-sc-52f	Samsung	Galaxy S25 Ultra	SC-52F	2025	15	138.0.7204.157	AP3A.241105.007	8	8	Qualcomm	Adreno (TM) 830	phone	Mozilla/5.0 (Linux; Android 15; SC-52F Build/AP3A.241105.007) AppleWebKit/537.36 (KHTML, like Gecko) Chrome/138.0.7204.157 Mobile Safari/537.36
samsung-sc-53c	Samsung	Galaxy A53 5G	SC-53C	2022	12	108.0.5359.128	SP1A.210812.016	4	6	ARM	Mali-G68 MC4	phone	Mozilla/5.0 (Linux; Android 12; SC-53C Build/SP1A.210812.016) AppleWebKit/537.36 (KHTML, like Gecko) Chrome/108.0.5359.128 Mobile Safari/537.36
samsung-sc-53d	Samsung	Galaxy A54 5G	SC-53D	2023	13	120.0.6099.144	TP1A.220624.014	8	8	ARM	Mali-G68 MC4	phone	Mozilla/5.0 (Linux; Android 13; SC-53D Build/TP1A.220624.014) AppleWebKit/537.36 (KHTML, like Gecko) Chrome/120.0.6099.144 Mobile Safari/537.36
samsung-sc-53e	Samsung	Galaxy A55 5G	SC-53E	2024	14	131.0.6778.135	UP1A.231005.007	8	8	Samsung	Xclipse 530	phone	Mozilla/5.0 (Linux; Android 14; SC-53E Build/UP1A.231005.007) AppleWebKit/537.36 (KHTML, like Gecko) Chrome/131.0.6778.135 Mobile Safari/537.36
samsung-sc-53f	Samsung	Galaxy A25 5G	SC-53F	2023	13	120.0.6099.144	TP1A.220624.014	8	8	ARM	Mali-G68 MC4	phone	Mozilla/5.0 (Linux; Android 13; SC-53F Build/TP1A.220624.014) AppleWebKit/537.36 (KHTML, like Gecko) Chrome/120.0.6099.144 Mobile Safari/537.36
samsung-sc-54c	Samsung	Galaxy Z Flip4	SC-54C	2022	12	108.0.5359.128	SP1A.210812.016	4	6	Qualcomm	Adreno (TM) 730	phone	Mozilla/5.0 (Linux; Android 12; SC-54C Build/SP1A.210812.016) AppleWebKit/537.36 (KHTML, like Gecko) Chrome/108.0.5359.128 Mobile Safari/537.36
samsung-sc-54d	Samsung	Galaxy Z Flip5	SC-54D	2023	13	120.0.6099.144	TP1A.220624.014	8	8	Qualcomm	Adreno (TM) 740	phone	Mozilla/5.0 (Linux; Android 13; SC-54D Build/TP1A.220624.014) AppleWebKit/537.36 (KHTML, like Gecko) Chrome/120.0.6099.144 Mobile Safari/537.36
samsung-sc-54e	Samsung	Galaxy Z Flip6	SC-54E	2024	14	131.0.6778.135	UP1A.231005.007	8	8	Qualcomm	Adreno (TM) 750	phone	Mozilla/5.0 (Linux; Android 14; SC-54E Build/UP1A.231005.007) AppleWebKit/537.36 (KHTML, like Gecko) Chrome/131.0.6778.135 Mobile Safari/537.36
samsung-sc-54f	Samsung	Galaxy A36 5G	SC-54F	2025	15	138.0.7204.157	AP3A.241105.007	8	8	Qualcomm	Adreno (TM) 710	phone	Mozilla/5.0 (Linux; Android 15; SC-54F Build/AP3A.241105.007) AppleWebKit/537.36 (KHTML, like Gecko) Chrome/138.0.7204.157 Mobile Safari/537.36
samsung-sc-55c	Samsung	Galaxy Z Fold4	SC-55C	2022	12	108.0.5359.128	SP1A.210812.016	4	6	Qualcomm	Adreno (TM) 730	phone	Mozilla/5.0 (Linux; Android 12; SC-55C Build/SP1A.210812.016) AppleWebKit/537.36 (KHTML, like Gecko) Chrome/108.0.5359.128 Mobile Safari/537.36
samsung-sc-55d	Samsung	Galaxy Z Fold5	SC-55D	2023	13	120.0.6099.144	TP1A.220624.014	8	8	Qualcomm	Adreno (TM) 740	phone	Mozilla/5.0 (Linux; Android 13; SC-55D Build/TP1A.220624.014) AppleWebKit/537.36 (KHTML, like Gecko) Chrome/120.0.6099.144 Mobile Safari/537.36
samsung-sc-55e	Samsung	Galaxy Z Fold6	SC-55E	2024	14	131.0.6778.135	UP1A.231005.007	8	8	Qualcomm	Adreno (TM) 750	phone	Mozilla/5.0 (Linux; Android 14; SC-55E Build/UP1A.231005.007) AppleWebKit/537.36 (KHTML, like Gecko) Chrome/131.0.6778.135 Mobile Safari/537.36
samsung-sc-55f	Samsung	Galaxy Z Flip7	SC-55F	2025	15	138.0.7204.157	AP3A.241105.007	8	8	Qualcomm	Adreno (TM) 830	phone	Mozilla/5.0 (Linux; Android 15; SC-55F Build/AP3A.241105.007) AppleWebKit/537.36 (KHTML, like Gecko) Chrome/138.0.7204.157 Mobile Safari/537.36
samsung-sc-56c	Samsung	Galaxy A23 5G	SC-56C	2022	12	108.0.5359.128	SP1A.210812.016	4	6	Qualcomm	Adreno (TM) 619	phone	Mozilla/5.0 (Linux; Android 12; SC-56C Build/SP1A.210812.016) AppleWebKit/537.36 (KHTML, like Gecko) Chrome/108.0.5359.128 Mobile Safari/537.36
samsung-sc-56f	Samsung	Galaxy Z Fold7	SC-56F	2025	15	138.0.7204.157	AP3A.241105.007	8	8	Qualcomm	Adreno (TM) 830	phone	Mozilla/5.0 (Linux; Android 15; SC-56F Build/AP3A.241105.007) AppleWebKit/537.36 (KHTML, like Gecko) Chrome/138.0.7204.157 Mobile Safari/537.36
samsung-scg13	Samsung	Galaxy S22	SCG13	2022	12	108.0.5359.128	SP1A.210812.016	4	6	Qualcomm	Adreno (TM) 730	phone	Mozilla/5.0 (Linux; Android 12; SCG13 Build/SP1A.210812.016) AppleWebKit/537.36 (KHTML, like Gecko) Chrome/108.0.5359.128 Mobile Safari/537.36
samsung-scg14	Samsung	Galaxy S22 Ultra	SCG14	2022	12	108.0.5359.128	SP1A.210812.016	4	6	Qualcomm	Adreno (TM) 730	phone	Mozilla/5.0 (Linux; Android 12; SCG14 Build/SP1A.210812.016) AppleWebKit/537.36 (KHTML, like Gecko) Chrome/108.0.5359.128 Mobile Safari/537.36
samsung-scg15	Samsung	Galaxy A53 5G	SCG15	2022	12	108.0.5359.128	SP1A.210812.016	4	6	ARM	Mali-G68 MC4	phone	Mozilla/5.0 (Linux; Android 12; SCG15 Build/SP1A.210812.016) AppleWebKit/537.36 (KHTML, like Gecko) Chrome/108.0.5359.128 Mobile Safari/537.36
samsung-scg16	Samsung	Galaxy Z Fold4	SCG16	2022	12	108.0.5359.128	SP1A.210812.016	4	6	Qualcomm	Adreno (TM) 730	phone	Mozilla/5.0 (Linux; Android 12; SCG16 Build/SP1A.210812.016) AppleWebKit/537.36 (KHTML, like Gecko) Chrome/108.0.5359.128 Mobile Safari/537.36
samsung-scg17	Samsung	Galaxy Z Flip4	SCG17	2022	12	108.0.5359.128	SP1A.210812.016	4	6	Qualcomm	Adreno (TM) 730	phone	Mozilla/5.0 (Linux; Android 12; SCG17 Build/SP1A.210812.016) AppleWebKit/537.36 (KHTML, like Gecko) Chrome/108.0.5359.128 Mobile Safari/537.36
samsung-scg18	Samsung	Galaxy A23 5G	SCG18	2022	12	108.0.5359.128	SP1A.210812.016	4	6	Qualcomm	Adreno (TM) 619	phone	Mozilla/5.0 (Linux; Android 12; SCG18 Build/SP1A.210812.016) AppleWebKit/537.36 (KHTML, like Gecko) Chrome/108.0.5359.128 Mobile Safari/537.36
samsung-scg19	Samsung	Galaxy S23	SCG19	2023	13	120.0.6099.144	TP1A.220624.014	8	8	Qualcomm	Adreno (TM) 740	phone	Mozilla/5.0 (Linux; Android 13; SCG19 Build/TP1A.220624.014) AppleWebKit/537.36 (KHTML, like Gecko) Chrome/120.0.6099.144 Mobile Safari/537.36
samsung-scg20	Samsung	Galaxy S23 Ultra	SCG20	2023	13	120.0.6099.144	TP1A.220624.014	8	8	Qualcomm	Adreno (TM) 740	phone	Mozilla/5.0 (Linux; Android 13; SCG20 Build/TP1A.220624.014) AppleWebKit/537.36 (KHTML, like Gecko) Chrome/120.0.6099.144 Mobile Safari/537.36
samsung-scg21	Samsung	Galaxy A54 5G	SCG21	2023	13	120.0.6099.144	TP1A.220624.014	8	8	ARM	Mali-G68 MC4	phone	Mozilla/5.0 (Linux; Android 13; SCG21 Build/TP1A.220624.014) AppleWebKit/537.36 (KHTML, like Gecko) Chrome/120.0.6099.144 Mobile Safari/537.36
samsung-scg22	Samsung	Galaxy Z Fold5	SCG22	2023	13	120.0.6099.144	TP1A.220624.014	8	8	Qualcomm	Adreno (TM) 740	phone	Mozilla/5.0 (Linux; Android 13; SCG22 Build/TP1A.220624.014) AppleWebKit/537.36 (KHTML, like Gecko) Chrome/120.0.6099.144 Mobile Safari/537.36
samsung-scg23	Samsung	Galaxy Z Flip5	SCG23	2023	13	120.0.6099.144	TP1A.220624.014	8	8	Qualcomm	Adreno (TM) 740	phone	Mozilla/5.0 (Linux; Android 13; SCG23 Build/TP1A.220624.014) AppleWebKit/537.36 (KHTML, like Gecko) Chrome/120.0.6099.144 Mobile Safari/537.36
samsung-scg24	Samsung	Galaxy S23 FE	SCG24	2023	13	120.0.6099.144	TP1A.220624.014	8	8	Samsung	Xclipse 920	phone	Mozilla/5.0 (Linux; Android 13; SCG24 Build/TP1A.220624.014) AppleWebKit/537.36 (KHTML, like Gecko) Chrome/120.0.6099.144 Mobile Safari/537.36
samsung-scg25	Samsung	Galaxy S24	SCG25	2024	14	131.0.6778.135	UP1A.231005.007	8	8	Qualcomm	Adreno (TM) 750	phone	Mozilla/5.0 (Linux; Android 14; SCG25 Build/UP1A.231005.007) AppleWebKit/537.36 (KHTML, like Gecko) Chrome/131.0.6778.135 Mobile Safari/537.36
samsung-scg26	Samsung	Galaxy S24 Ultra	SCG26	2024	14	131.0.6778.135	UP1A.231005.007	8	8	Qualcomm	Adreno (TM) 750	phone	Mozilla/5.0 (Linux; Android 14; SCG26 Build/UP1A.231005.007) AppleWebKit/537.36 (KHTML, like Gecko) Chrome/131.0.6778.135 Mobile Safari/537.36
samsung-scg27	Samsung	Galaxy A55 5G	SCG27	2024	14	131.0.6778.135	UP1A.231005.007	8	8	Samsung	Xclipse 530	phone	Mozilla/5.0 (Linux; Android 14; SCG27 Build/UP1A.231005.007) AppleWebKit/537.36 (KHTML, like Gecko) Chrome/131.0.6778.135 Mobile Safari/537.36
samsung-scg28	Samsung	Galaxy Z Fold6	SCG28	2024	14	131.0.6778.135	UP1A.231005.007	8	8	Qualcomm	Adreno (TM) 750	phone	Mozilla/5.0 (Linux; Android 14; SCG28 Build/UP1A.231005.007) AppleWebKit/537.36 (KHTML, like Gecko) Chrome/131.0.6778.135 Mobile Safari/537.36
samsung-scg29	Samsung	Galaxy Z Flip6	SCG29	2024	14	131.0.6778.135	UP1A.231005.007	8	8	Qualcomm	Adreno (TM) 750	phone	Mozilla/5.0 (Linux; Android 14; SCG29 Build/UP1A.231005.007) AppleWebKit/537.36 (KHTML, like Gecko) Chrome/131.0.6778.135 Mobile Safari/537.36
samsung-scg30	Samsung	Galaxy S24 FE	SCG30	2024	14	131.0.6778.135	UP1A.231005.007	8	8	Samsung	Xclipse 940	phone	Mozilla/5.0 (Linux; Android 14; SCG30 Build/UP1A.231005.007) AppleWebKit/537.36 (KHTML, like Gecko) Chrome/131.0.6778.135 Mobile Safari/537.36
samsung-scg31	Samsung	Galaxy S25	SCG31	2025	15	138.0.7204.157	AP3A.241105.007	8	8	Qualcomm	Adreno (TM) 830	phone	Mozilla/5.0 (Linux; Android 15; SCG31 Build/AP3A.241105.007) AppleWebKit/537.36 (KHTML, like Gecko) Chrome/138.0.7204.157 Mobile Safari/537.36
samsung-scg32	Samsung	Galaxy S25 Ultra	SCG32	2025	15	138.0.7204.157	AP3A.241105.007	8	8	Qualcomm	Adreno (TM) 830	phone	Mozilla/5.0 (Linux; Android 15; SCG32 Build/AP3A.241105.007) AppleWebKit/537.36 (KHTML, like Gecko) Chrome/138.0.7204.157 Mobile Safari/537.36
samsung-scg33	Samsung	Galaxy A25 5G	SCG33	2023	13	120.0.6099.144	TP1A.220624.014	8	8	ARM	Mali-G68 MC4	phone	Mozilla/5.0 (Linux; Android 13; SCG33 Build/TP1A.220624.014) AppleWebKit/537.36 (KHTML, like Gecko) Chrome/120.0.6099.144 Mobile Safari/537.36
samsung-scg34	Samsung	Galaxy Z Fold7	SCG34	2025	15	138.0.7204.157	AP3A.241105.007	8	8	Qualcomm	Adreno (TM) 830	phone	Mozilla/5.0 (Linux; Android 15; SCG34 Build/AP3A.241105.007) AppleWebKit/537.36 (KHTML, like Gecko) Chrome/138.0.7204.157 Mobile Safari/537.36
samsung-scg35	Samsung	Galaxy Z Flip7	SCG35	2025	15	138.0.7204.157	AP3A.241105.007	8	8	Qualcomm	Adreno (TM) 830	phone	Mozilla/5.0 (Linux; Android 15; SCG35 Build/AP3A.241105.007) AppleWebKit/537.36 (KHTML, like Gecko) Chrome/138.0.7204.157 Mobile Safari/537.36
samsung-sm-a135f	Samsung	Galaxy A13	SM-A135F	2022	12	108.0.5359.128	SP1A.210812.016	4	6	ARM	Mali-G52 MP1	phone	Mozilla/5.0 (Linux; Android 12; SM-A135F Build/SP1A.210812.016) AppleWebKit/537.36 (KHTML, like Gecko) Chrome/108.0.5359.128 Mobile Safari/537.36
samsung-sm-a135m	Samsung	Galaxy A13	SM-A135M	2022	12	108.0.5359.128	SP1A.210812.016	4	6	ARM	Mali-G52 MP1	phone	Mozilla/5.0 (Linux; Android 12; SM-A135M Build/SP1A.210812.016) AppleWebKit/537.36 (KHTML, like Gecko) Chrome/108.0.5359.128 Mobile Safari/537.36
samsung-sm-a135n	Samsung	Galaxy A13	SM-A135N	2022	12	108.0.5359.128	SP1A.210812.016	4	6	ARM	Mali-G52 MP1	phone	Mozilla/5.0 (Linux; Android 12; SM-A135N Build/SP1A.210812.016) AppleWebKit/537.36 (KHTML, like Gecko) Chrome/108.0.5359.128 Mobile Safari/537.36
samsung-sm-a135u	Samsung	Galaxy A13	SM-A135U	2022	12	108.0.5359.128	SP1A.210812.016	4	6	ARM	Mali-G52 MP1	phone	Mozilla/5.0 (Linux; Android 12; SM-A135U Build/SP1A.210812.016) AppleWebKit/537.36 (KHTML, like Gecko) Chrome/108.0.5359.128 Mobile Safari/537.36
samsung-sm-a135u1	Samsung	Galaxy A13	SM-A135U1	2022	12	108.0.5359.128	SP1A.210812.016	4	6	ARM	Mali-G52 MP1	phone	Mozilla/5.0 (Linux; Android 12; SM-A135U1 Build/SP1A.210812.016) AppleWebKit/537.36 (KHTML, like Gecko) Chrome/108.0.5359.128 Mobile Safari/537.36
samsung-sm-a136b	Samsung	Galaxy A13 5G	SM-A136B	2022	12	108.0.5359.128	SP1A.210812.016	4	6	ARM	Mali-G57 MC2	phone	Mozilla/5.0 (Linux; Android 12; SM-A136B Build/SP1A.210812.016) AppleWebKit/537.36 (KHTML, like Gecko) Chrome/108.0.5359.128 Mobile Safari/537.36
samsung-sm-a136m	Samsung	Galaxy A13 5G	SM-A136M	2022	12	108.0.5359.128	SP1A.210812.016	4	6	ARM	Mali-G57 MC2	phone	Mozilla/5.0 (Linux; Android 12; SM-A136M Build/SP1A.210812.016) AppleWebKit/537.36 (KHTML, like Gecko) Chrome/108.0.5359.128 Mobile Safari/537.36
samsung-sm-a136s	Samsung	Galaxy A13 5G	SM-A136S	2022	12	108.0.5359.128	SP1A.210812.016	4	6	ARM	Mali-G57 MC2	phone	Mozilla/5.0 (Linux; Android 12; SM-A136S Build/SP1A.210812.016) AppleWebKit/537.36 (KHTML, like Gecko) Chrome/108.0.5359.128 Mobile Safari/537.36
samsung-sm-a136u	Samsung	Galaxy A13 5G	SM-A136U	2022	12	108.0.5359.128	SP1A.210812.016	4	6	ARM	Mali-G57 MC2	phone	Mozilla/5.0 (Linux; Android 12; SM-A136U Build/SP1A.210812.016) AppleWebKit/537.36 (KHTML, like Gecko) Chrome/108.0.5359.128 Mobile Safari/537.36
samsung-sm-a136u1	Samsung	Galaxy A13 5G	SM-A136U1	2022	12	108.0.5359.128	SP1A.210812.016	4	6	ARM	Mali-G57 MC2	phone	Mozilla/5.0 (Linux; Android 12; SM-A136U1 Build/SP1A.210812.016) AppleWebKit/537.36 (KHTML, like Gecko) Chrome/108.0.5359.128 Mobile Safari/537.36
samsung-sm-a136w	Samsung	Galaxy A13 5G	SM-A136W	2022	12	108.0.5359.128	SP1A.210812.016	4	6	ARM	Mali-G57 MC2	phone	Mozilla/5.0 (Linux; Android 12; SM-A136W Build/SP1A.210812.016) AppleWebKit/537.36 (KHTML, like Gecko) Chrome/108.0.5359.128 Mobile Safari/537.36
samsung-sm-a137f	Samsung	Galaxy A13	SM-A137F	2022	12	108.0.5359.128	SP1A.210812.016	4	6	ARM	Mali-G52 MP1	phone	Mozilla/5.0 (Linux; Android 12; SM-A137F Build/SP1A.210812.016) AppleWebKit/537.36 (KHTML, like Gecko) Chrome/108.0.5359.128 Mobile Safari/537.36
samsung-sm-a145f	Samsung	Galaxy A14	SM-A145F	2023	13	120.0.6099.144	TP1A.220624.014	8	8	ARM	Mali-G52 MP1	phone	Mozilla/5.0 (Linux; Android 13; SM-A145F Build/TP1A.220624.014) AppleWebKit/537.36 (KHTML, like Gecko) Chrome/120.0.6099.144 Mobile Safari/537.36
samsung-sm-a145fb	Samsung	Galaxy A14	SM-A145FB	2023	13	120.0.6099.144	TP1A.220624.014	8	8	ARM	Mali-G52 MP1	phone	Mozilla/5.0 (Linux; Android 13; SM-A145FB Build/TP1A.220624.014) AppleWebKit/537.36 (KHTML, like Gecko) Chrome/120.0.6099.144 Mobile Safari/537.36
samsung-sm-a145m	Samsung	Galaxy A14	SM-A145M	2023	13	120.0.6099.144	TP1A.220624.014	8	8	ARM	Mali-G52 MP1	phone	Mozilla/5.0 (Linux; Android 13; SM-A145M Build/TP1A.220624.014) AppleWebKit/537.36 (KHTML, like Gecko) Chrome/120.0.6099.144 Mobile Safari/537.36
samsung-sm-a145mb	Samsung	Galaxy A14	SM-A145MB	2023	13	120.0.6099.144	TP1A.220624.014	8	8	ARM	Mali-G52 MP1	phone	Mozilla/5.0 (Linux; Android 13; SM-A145MB Build/TP1A.220624.014) AppleWebKit/537.36 (KHTML, like Gecko) Chrome/120.0.6099.144 Mobile Safari/537.36
samsung-sm-a145p	Samsung	Galaxy A14	SM-A145P	2023	13	120.0.6099.144	TP1A.220624.014	8	8	ARM	Mali-G52 MP1	phone	Mozilla/5.0 (Linux; Android 13; SM-A145P Build/TP1A.220624.014) AppleWebKit/537.36 (KHTML, like Gecko) Chrome/120.0.6099.144 Mobile Safari/537.36
samsung-sm-a145r	Samsung	Galaxy A14	SM-A145R	2023	13	120.0.6099.144	TP1A.220624.014	8	8	ARM	Mali-G52 MP1	phone	Mozilla/5.0 (Linux; Android 13; SM-A145R Build/TP1A.220624.014) AppleWebKit/537.36 (KHTML, like Gecko) Chrome/120.0.6099.144 Mobile Safari/537.36
samsung-sm-a146b	Samsung	Galaxy A14 5G	SM-A146B	2023	13	120.0.6099.144	TP1A.220624.014	8	8	ARM	Mali-G57 MC2	phone	Mozilla/5.0 (Linux; Android 13; SM-A146B Build/TP1A.220624.014) AppleWebKit/537.36 (KHTML, like Gecko) Chrome/120.0.6099.144 Mobile Safari/537.36
samsung-sm-a146m	Samsung	Galaxy A14 5G	SM-A146M	2023	13	120.0.6099.144	TP1A.220624.014	8	8	ARM	Mali-G57 MC2	phone	Mozilla/5.0 (Linux; Android 13; SM-A146M Build/TP1A.220624.014) AppleWebKit/537.36 (KHTML, like Gecko) Chrome/120.0.6099.144 Mobile Safari/537.36
samsung-sm-a146p	Samsung	Galaxy A14 5G	SM-A146P	2023	13	120.0.6099.144	TP1A.220624.014	8	8	ARM	Mali-G57 MC2	phone	Mozilla/5.0 (Linux; Android 13; SM-A146P Build/TP1A.220624.014) AppleWebKit/537.36 (KHTML, like Gecko) Chrome/120.0.6099.144 Mobile Safari/537.36
samsung-sm-a146u	Samsung	Galaxy A14 5G	SM-A146U	2023	13	120.0.6099.144	TP1A.220624.014	8	8	ARM	Mali-G57 MC2	phone	Mozilla/5.0 (Linux; Android 13; SM-A146U Build/TP1A.220624.014) AppleWebKit/537.36 (KHTML, like Gecko) Chrome/120.0.6099.144 Mobile Safari/537.36
samsung-sm-a146u1	Samsung	Galaxy A14 5G	SM-A146U1	2023	13	120.0.6099.144	TP1A.220624.014	8	8	ARM	Mali-G57 MC2	phone	Mozilla/5.0 (Linux; Android 13; SM-A146U1 Build/TP1A.220624.014) AppleWebKit/537.36 (KHTML, like Gecko) Chrome/120.0.6099.144 Mobile Safari/537.36
samsung-sm-a146w	Samsung	Galaxy A14 5G	SM-A146W	2023	13	120.0.6099.144	TP1A.220624.014	8	8	ARM	Mali-G57 MC2	phone	Mozilla/5.0 (Linux; Android 13; SM-A146W Build/TP1A.220624.014) AppleWebKit/537.36 (KHTML, like Gecko) Chrome/120.0.6099.144 Mobile Safari/537.36
samsung-sm-a155f	Samsung	Galaxy A15	SM-A155F	2023	13	120.0.6099.144	TP1A.220624.014	8	8	ARM	Mali-G57 MC2	phone	Mozilla/5.0 (Linux; Android 13; SM-A155F Build/TP1A.220624.014) AppleWebKit/537.36 (KHTML, like Gecko) Chrome/120.0.6099.144 Mobile Safari/537.36
samsung-sm-a155m	Samsung	Galaxy A15	SM-A155M	2023	13	120.0.6099.144	TP1A.220624.014	8	8	ARM	Mali-G57 MC2	phone	Mozilla/5.0 (Linux; Android 13; SM-A155M Build/TP1A.220624.014) AppleWebKit/537.36 (KHTML, like Gecko) Chrome/120.0.6099.144 Mobile Safari/537.36
samsung-sm-a155n	Samsung	Galaxy A15	SM-A155N	2023	13	120.0.6099.144	TP1A.220624.014	8	8	ARM	Mali-G57 MC2	phone	Mozilla/5.0 (Linux; Android 13; SM-A155N Build/TP1A.220624.014) AppleWebKit/537.36 (KHTML, like Gecko) Chrome/120.0.6099.144 Mobile Safari/537.36
samsung-sm-a1560	Samsung	Galaxy A15 5G	SM-A1560	2023	13	120.0.6099.144	TP1A.220624.014	8	8	ARM	Mali-G57 MC2	phone	Mozilla/5.0 (Linux; Android 13; SM-A1560 Build/TP1A.220624.014) AppleWebKit/537.36 (KHTML, like Gecko) Chrome/120.0.6099.144 Mobile Safari/537.36
samsung-sm-a156b	Samsung	Galaxy A15 5G	SM-A156B	2023	13	120.0.6099.144	TP1A.220624.014	8	8	ARM	Mali-G57 MC2	phone	Mozilla/5.0 (Linux; Android 13; SM-A156B Build/TP1A.220624.014) AppleWebKit/537.36 (KHTML, like Gecko) Chrome/120.0.6099.144 Mobile Safari/537.36
samsung-sm-a156e	Samsung	Galaxy A15 5G	SM-A156E	2023	13	120.0.6099.144	TP1A.220624.014	8	8	ARM	Mali-G57 MC2	phone	Mozilla/5.0 (Linux; Android 13; SM-A156E Build/TP1A.220624.014) AppleWebKit/537.36 (KHTML, like Gecko) Chrome/120.0.6099.144 Mobile Safari/537.36
samsung-sm-a156m	Samsung	Galaxy A15 5G	SM-A156M	2023	13	120.0.6099.144	TP1A.220624.014	8	8	ARM	Mali-G57 MC2	phone	Mozilla/5.0 (Linux; Android 13; SM-A156M Build/TP1A.220624.014) AppleWebKit/537.36 (KHTML, like Gecko) Chrome/120.0.6099.144 Mobile Safari/537.36
samsung-sm-a156u	Samsung	Galaxy A15 5G	SM-A156U	2023	13	120.0.6099.144	TP1A.220624.014	8	8	ARM	Mali-G57 MC2	phone	Mozilla/5.0 (Linux; Android 13; SM-A156U Build/TP1A.220624.014) AppleWebKit/537.36 (KHTML, like Gecko) Chrome/120.0.6099.144 Mobile Safari/537.36
samsung-sm-a156u1	Samsung	Galaxy A15 5G	SM-A156U1	2023	13	120.0.6099.144	TP1A.220624.014	8	8	ARM	Mali-G57 MC2	phone	Mozilla/5.0 (Linux; Android 13; SM-A156U1 Build/TP1A.220624.014) AppleWebKit/537.36 (KHTML, like Gecko) Chrome/120.0.6099.144 Mobile Safari/537.36
samsung-sm-a156w	Samsung	Galaxy A15 5G	SM-A156W	2023	13	120.0.6099.144	TP1A.220624.014	8	8	ARM	Mali-G57 MC2	phone	Mozilla/5.0 (Linux; Android 13; SM-A156W Build/TP1A.220624.014) AppleWebKit/537.36 (KHTML, like Gecko) Chrome/120.0.6099.144 Mobile Safari/537.36
samsung-sm-a165f	Samsung	Galaxy A16	SM-A165F	2024	14	131.0.6778.135	UP1A.231005.007	8	8	ARM	Mali-G57 MC2	phone	Mozilla/5.0 (Linux; Android 14; SM-A165F Build/UP1A.231005.007) AppleWebKit/537.36 (KHTML, like Gecko) Chrome/131.0.6778.135 Mobile Safari/537.36
samsung-sm-a165m	Samsung	Galaxy A16	SM-A165M	2024	14	131.0.6778.135	UP1A.231005.007	8	8	ARM	Mali-G57 MC2	phone	Mozilla/5.0 (Linux; Android 14; SM-A165M Build/UP1A.231005.007) AppleWebKit/537.36 (KHTML, like Gecko) Chrome/131.0.6778.135 Mobile Safari/537.36
samsung-sm-a165n	Samsung	Galaxy A16	SM-A165N	2024	14	131.0.6778.135	UP1A.231005.007	8	8	ARM	Mali-G57 MC2	phone	Mozilla/5.0 (Linux; Android 14; SM-A165N Build/UP1A.231005.007) AppleWebKit/537.36 (KHTML, like Gecko) Chrome/131.0.6778.135 Mobile Safari/537.36
samsung-sm-a1660	Samsung	Galaxy A16 5G	SM-A1660	2024	14	131.0.6778.135	UP1A.231005.007	8	8	ARM	Mali-G57 MC2	phone	Mozilla/5.0 (Linux; Android 14; SM-A1660 Build/UP1A.231005.007) AppleWebKit/537.36 (KHTML, like Gecko) Chrome/131.0.6778.135 Mobile Safari/537.36
samsung-sm-a166b	Samsung	Galaxy A16 5G	SM-A166B	2024	14	131.0.6778.135	UP1A.231005.007	8	8	ARM	Mali-G57 MC2	phone	Mozilla/5.0 (Linux; Android 14; SM-A166B Build/UP1A.231005.007) AppleWebKit/537.36 (KHTML, like Gecko) Chrome/131.0.6778.135 Mobile Safari/537.36
samsung-sm-a166e	Samsung	Galaxy A16 5G	SM-A166E	2024	14	131.0.6778.135	UP1A.231005.007	8	8	ARM	Mali-G57 MC2	phone	Mozilla/5.0 (Linux; Android 14; SM-A166E Build/UP1A.231005.007) AppleWebKit/537.36 (KHTML, like Gecko) Chrome/131.0.6778.135 Mobile Safari/537.36
samsung-sm-a166m	Samsung	Galaxy A16 5G	SM-A166M	2024	14	131.0.6778.135	UP1A.231005.007	8	8	ARM	Mali-G57 MC2	phone	Mozilla/5.0 (Linux; Android 14; SM-A166M Build/UP1A.231005.007) AppleWebKit/537.36 (KHTML, like Gecko) Chrome/131.0.6778.135 Mobile Safari/537.36
samsung-sm-a166p	Samsung	Galaxy A16 5G	SM-A166P	2024	14	131.0.6778.135	UP1A.231005.007	8	8	ARM	Mali-G57 MC2	phone	Mozilla/5.0 (Linux; Android 14; SM-A166P Build/UP1A.231005.007) AppleWebKit/537.36 (KHTML, like Gecko) Chrome/131.0.6778.135 Mobile Safari/537.36
samsung-sm-a166u	Samsung	Galaxy A16 5G	SM-A166U	2024	14	131.0.6778.135	UP1A.231005.007	8	8	ARM	Mali-G57 MC2	phone	Mozilla/5.0 (Linux; Android 14; SM-A166U Build/UP1A.231005.007) AppleWebKit/537.36 (KHTML, like Gecko) Chrome/131.0.6778.135 Mobile Safari/537.36
samsung-sm-a166u1	Samsung	Galaxy A16 5G	SM-A166U1	2024	14	131.0.6778.135	UP1A.231005.007	8	8	ARM	Mali-G57 MC2	phone	Mozilla/5.0 (Linux; Android 14; SM-A166U1 Build/UP1A.231005.007) AppleWebKit/537.36 (KHTML, like Gecko) Chrome/131.0.6778.135 Mobile Safari/537.36
samsung-sm-a166w	Samsung	Galaxy A16 5G	SM-A166W	2024	14	131.0.6778.135	UP1A.231005.007	8	8	ARM	Mali-G57 MC2	phone	Mozilla/5.0 (Linux; Android 14; SM-A166W Build/UP1A.231005.007) AppleWebKit/537.36 (KHTML, like Gecko) Chrome/131.0.6778.135 Mobile Safari/537.36
samsung-sm-a175f	Samsung	Galaxy A17	SM-A175F	2025	15	138.0.7204.157	AP3A.241105.007	8	8	ARM	Mali-G57 MC2	phone	Mozilla/5.0 (Linux; Android 15; SM-A175F Build/AP3A.241105.007) AppleWebKit/537.36 (KHTML, like Gecko) Chrome/138.0.7204.157 Mobile Safari/537.36
samsung-sm-a175n	Samsung	Galaxy A17	SM-A175N	2025	15	138.0.7204.157	AP3A.241105.007	8	8	ARM	Mali-G57 MC2	phone	Mozilla/5.0 (Linux; Android 15; SM-A175N Build/AP3A.241105.007) AppleWebKit/537.36 (KHTML, like Gecko) Chrome/138.0.7204.157 Mobile Safari/537.36
samsung-sm-a1760	Samsung	Galaxy A17 5G	SM-A1760	2025	15	138.0.7204.157	AP3A.241105.007	8	8	ARM	Mali-G57 MC2	phone	Mozilla/5.0 (Linux; Android 15; SM-A1760 Build/AP3A.241105.007) AppleWebKit/537.36 (KHTML, like Gecko) Chrome/138.0.7204.157 Mobile Safari/537.36
samsung-sm-a176b	Samsung	Galaxy A17 5G	SM-A176B	2025	15	138.0.7204.157	AP3A.241105.007	8	8	ARM	Mali-G57 MC2	phone	Mozilla/5.0 (Linux; Android 15; SM-A176B Build/AP3A.241105.007) AppleWebKit/537.36 (KHTML, like Gecko) Chrome/138.0.7204.157 Mobile Safari/537.36
samsung-sm-a176u	Samsung	Galaxy A17 5G	SM-A176U	2025	15	138.0.7204.157	AP3A.241105.007	8	8	ARM	Mali-G57 MC2	phone	Mozilla/5.0 (Linux; Android 15; SM-A176U Build/AP3A.241105.007) AppleWebKit/537.36 (KHTML, like Gecko) Chrome/138.0.7204.157 Mobile Safari/537.36
samsung-sm-a176u1	Samsung	Galaxy A17 5G	SM-A176U1	2025	15	138.0.7204.157	AP3A.241105.007	8	8	ARM	Mali-G57 MC2	phone	Mozilla/5.0 (Linux; Android 15; SM-A176U1 Build/AP3A.241105.007) AppleWebKit/537.36 (KHTML, like Gecko) Chrome/138.0.7204.157 Mobile Safari/537.36
samsung-sm-a176w	Samsung	Galaxy A17 5G	SM-A176W	2025	15	138.0.7204.157	AP3A.241105.007	8	8	ARM	Mali-G57 MC2	phone	Mozilla/5.0 (Linux; Android 15; SM-A176W Build/AP3A.241105.007) AppleWebKit/537.36 (KHTML, like Gecko) Chrome/138.0.7204.157 Mobile Safari/537.36
samsung-sm-a233c	Samsung	Galaxy A23 5G	SM-A233C	2022	12	108.0.5359.128	SP1A.210812.016	4	6	Qualcomm	Adreno (TM) 619	phone	Mozilla/5.0 (Linux; Android 12; SM-A233C Build/SP1A.210812.016) AppleWebKit/537.36 (KHTML, like Gecko) Chrome/108.0.5359.128 Mobile Safari/537.36
samsung-sm-a235f	Samsung	Galaxy A23	SM-A235F	2022	12	108.0.5359.128	SP1A.210812.016	4	6	Qualcomm	Adreno (TM) 610	phone	Mozilla/5.0 (Linux; Android 12; SM-A235F Build/SP1A.210812.016) AppleWebKit/537.36 (KHTML, like Gecko) Chrome/108.0.5359.128 Mobile Safari/537.36
samsung-sm-a235m	Samsung	Galaxy A23	SM-A235M	2022	12	108.0.5359.128	SP1A.210812.016	4	6	Qualcomm	Adreno (TM) 610	phone	Mozilla/5.0 (Linux; Android 12; SM-A235M Build/SP1A.210812.016) AppleWebKit/537.36 (KHTML, like Gecko) Chrome/108.0.5359.128 Mobile Safari/537.36
samsung-sm-a235n	Samsung	Galaxy A23	SM-A235N	2022	12	108.0.5359.128	SP1A.210812.016	4	6	Qualcomm	Adreno (TM) 610	phone	Mozilla/5.0 (Linux; Android 12; SM-A235N Build/SP1A.210812.016) AppleWebKit/537.36 (KHTML, like Gecko) Chrome/108.0.5359.128 Mobile Safari/537.36
samsung-sm-a2360	Samsung	Galaxy A23 5G	SM-A2360	2022	12	108.0.5359.128	SP1A.210812.016	4	6	Qualcomm	Adreno (TM) 619	phone	Mozilla/5.0 (Linux; Android 12; SM-A2360 Build/SP1A.210812.016) AppleWebKit/537.36 (KHTML, like Gecko) Chrome/108.0.5359.128 Mobile Safari/537.36
samsung-sm-a236b	Samsung	Galaxy A23 5G	SM-A236B	2022	12	108.0.5359.128	SP1A.210812.016	4	6	Qualcomm	Adreno (TM) 619	phone	Mozilla/5.0 (Linux; Android 12; SM-A236B Build/SP1A.210812.016) AppleWebKit/537.36 (KHTML, like Gecko) Chrome/108.0.5359.128 Mobile Safari/537.36
samsung-sm-a236e	Samsung	Galaxy A23 5G	SM-A236E	2022	12	108.0.5359.128	SP1A.210812.016	4	6	Qualcomm	Adreno (TM) 619	phone	Mozilla/5.0 (Linux; Android 12; SM-A236E Build/SP1A.210812.016) AppleWebKit/537.36 (KHTML, like Gecko) Chrome/108.0.5359.128 Mobile Safari/537.36
samsung-sm-a236m	Samsung	Galaxy A23 5G	SM-A236M	2022	12	108.0.5359.128	SP1A.210812.016	4	6	Qualcomm	Adreno (TM) 619	phone	Mozilla/5.0 (Linux; Android 12; SM-A236M Build/SP1A.210812.016) AppleWebKit/537.36 (KHTML, like Gecko) Chrome/108.0.5359.128 Mobile Safari/537.36
samsung-sm-a236u	Samsung	Galaxy A23 5G	SM-A236U	2022	12	108.0.5359.128	SP1A.210812.016	4	6	Qualcomm	Adreno (TM) 619	phone	Mozilla/5.0 (Linux; Android 12; SM-A236U Build/SP1A.210812.016) AppleWebKit/537.36 (KHTML, like Gecko) Chrome/108.0.5359.128 Mobile Safari/537.36
samsung-sm-a236u1	Samsung	Galaxy A23 5G	SM-A236U1	2022	12	108.0.5359.128	SP1A.210812.016	4	6	Qualcomm	Adreno (TM) 619	phone	Mozilla/5.0 (Linux; Android 12; SM-A236U1 Build/SP1A.210812.016) AppleWebKit/537.36 (KHTML, like Gecko) Chrome/108.0.5359.128 Mobile Safari/537.36
samsung-sm-a245f	Samsung	Galaxy A24	SM-A245F	2023	13	120.0.6099.144	TP1A.220624.014	8	8	ARM	Mali-G57 MC2	phone	Mozilla/5.0 (Linux; Android 13; SM-A245F Build/TP1A.220624.014) AppleWebKit/537.36 (KHTML, like Gecko) Chrome/120.0.6099.144 Mobile Safari/537.36
samsung-sm-a245m	Samsung	Galaxy A24	SM-A245M	2023	13	120.0.6099.144	TP1A.220624.014	8	8	ARM	Mali-G57 MC2	phone	Mozilla/5.0 (Linux; Android 13; SM-A245M Build/TP1A.220624.014) AppleWebKit/537.36 (KHTML, like Gecko) Chrome/120.0.6099.144 Mobile Safari/537.36
samsung-sm-a245n	Samsung	Galaxy A24	SM-A245N	2023	13	120.0.6099.144	TP1A.220624.014	8	8	ARM	Mali-G57 MC2	phone	Mozilla/5.0 (Linux; Android 13; SM-A245N Build/TP1A.220624.014) AppleWebKit/537.36 (KHTML, like Gecko) Chrome/120.0.6099.144 Mobile Safari/537.36
samsung-sm-a253c	Samsung	Galaxy A25 5G	SM-A253C	2023	13	120.0.6099.144	TP1A.220624.014	8	8	ARM	Mali-G68 MC4	phone	Mozilla/5.0 (Linux; Android 13; SM-A253C Build/TP1A.220624.014) AppleWebKit/537.36 (KHTML, like Gecko) Chrome/120.0.6099.144 Mobile Safari/537.36
samsung-sm-a253q	Samsung	Galaxy A25 5G	SM-A253Q	2023	13	120.0.6099.144	TP1A.220624.014	8	8	ARM	Mali-G68 MC4	phone	Mozilla/5.0 (Linux; Android 13; SM-A253Q Build/TP1A.220624.014) AppleWebKit/537.36 (KHTML, like Gecko) Chrome/120.0.6099.144 Mobile Safari/537.36
samsung-sm-a253z	Samsung	Galaxy A25 5G	SM-A253Z	2023	13	120.0.6099.144	TP1A.220624.014	8	8	ARM	Mali-G68 MC4	phone	Mozilla/5.0 (Linux; Android 13; SM-A253Z Build/TP1A.220624.014) AppleWebKit/537.36 (KHTML, like Gecko) Chrome/120.0.6099.144 Mobile Safari/537.36
samsung-sm-a2560	Samsung	Galaxy A25 5G	SM-A2560	2023	13	120.0.6099.144	TP1A.220624.014	8	8	ARM	Mali-G68 MC4	phone	Mozilla/5.0 (Linux; Android 13; SM-A2560 Build/TP1A.220624.014) AppleWebKit/537.36 (KHTML, like Gecko) Chrome/120.0.6099.144 Mobile Safari/537.36
samsung-sm-a256b	Samsung	Galaxy A25 5G	SM-A256B	2023	13	120.0.6099.144	TP1A.220624.014	8	8	ARM	Mali-G68 MC4	phone	Mozilla/5.0 (Linux; Android 13; SM-A256B Build/TP1A.220624.014) AppleWebKit/537.36 (KHTML, like Gecko) Chrome/120.0.6099.144 Mobile Safari/537.36
samsung-sm-a256e	Samsung	Galaxy A25 5G	SM-A256E	2023	13	120.0.6099.144	TP1A.220624.014	8	8	ARM	Mali-G68 MC4	phone	Mozilla/5.0 (Linux; Android 13; SM-A256E Build/TP1A.220624.014) AppleWebKit/537.36 (KHTML, like Gecko) Chrome/120.0.6099.144 Mobile Safari/537.36
samsung-sm-a256n	Samsung	Galaxy A25 5G	SM-A256N	2023	13	120.0.6099.144	TP1A.220624.014	8	8	ARM	Mali-G68 MC4	phone	Mozilla/5.0 (Linux; Android 13; SM-A256N Build/TP1A.220624.014) AppleWebKit/537.36 (KHTML, like Gecko) Chrome/120.0.6099.144 Mobile Safari/537.36
samsung-sm-a256u	Samsung	Galaxy A25 5G	SM-A256U	2023	13	120.0.6099.144	TP1A.220624.014	8	8	ARM	Mali-G68 MC4	phone	Mozilla/5.0 (Linux; Android 13; SM-A256U Build/TP1A.220624.014) AppleWebKit/537.36 (KHTML, like Gecko) Chrome/120.0.6099.144 Mobile Safari/537.36
samsung-sm-a256u1	Samsung	Galaxy A25 5G	SM-A256U1	2023	13	120.0.6099.144	TP1A.220624.014	8	8	ARM	Mali-G68 MC4	phone	Mozilla/5.0 (Linux; Android 13; SM-A256U1 Build/TP1A.220624.014) AppleWebKit/537.36 (KHTML, like Gecko) Chrome/120.0.6099.144 Mobile Safari/537.36
samsung-sm-a266b	Samsung	Galaxy A26 5G	SM-A266B	2025	15	138.0.7204.157	AP3A.241105.007	8	8	ARM	Mali-G68 MC4	phone	Mozilla/5.0 (Linux; Android 15; SM-A266B Build/AP3A.241105.007) AppleWebKit/537.36 (KHTML, like Gecko) Chrome/138.0.7204.157 Mobile Safari/537.36
samsung-sm-a266m	Samsung	Galaxy A26 5G	SM-A266M	2025	15	138.0.7204.157	AP3A.241105.007	8	8	ARM	Mali-G68 MC4	phone	Mozilla/5.0 (Linux; Android 15; SM-A266M Build/AP3A.241105.007) AppleWebKit/537.36 (KHTML, like Gecko) Chrome/138.0.7204.157 Mobile Safari/537.36
samsung-sm-a266u	Samsung	Galaxy A26 5G	SM-A266U	2025	15	138.0.7204.157	AP3A.241105.007	8	8	ARM	Mali-G68 MC4	phone	Mozilla/5.0 (Linux; Android 15; SM-A266U Build/AP3A.241105.007) AppleWebKit/537.36 (KHTML, like Gecko) Chrome/138.0.7204.157 Mobile Safari/537.36
samsung-sm-a266u1	Samsung	Galaxy A26 5G	SM-A266U1	2025	15	138.0.7204.157	AP3A.241105.007	8	8	ARM	Mali-G68 MC4	phone	Mozilla/5.0 (Linux; Android 15; SM-A266U1 Build/AP3A.241105.007) AppleWebKit/537.36 (KHTML, like Gecko) Chrome/138.0.7204.157 Mobile Safari/537.36
samsung-sm-a3360	Samsung	Galaxy A33 5G	SM-A3360	2022	12	108.0.5359.128	SP1A.210812.016	4	6	ARM	Mali-G68 MC4	phone	Mozilla/5.0 (Linux; Android 12; SM-A3360 Build/SP1A.210812.016) AppleWebKit/537.36 (KHTML, like Gecko) Chrome/108.0.5359.128 Mobile Safari/537.36
samsung-sm-a336b	Samsung	Galaxy A33 5G	SM-A336B	2022	12	108.0.5359.128	SP1A.210812.016	4	6	ARM	Mali-G68 MC4	phone	Mozilla/5.0 (Linux; Android 12; SM-A336B Build/SP1A.210812.016) AppleWebKit/537.36 (KHTML, like Gecko) Chrome/108.0.5359.128 Mobile Safari/537.36
samsung-sm-a336e	Samsung	Galaxy A33 5G	SM-A336E	2022	12	108.0.5359.128	SP1A.210812.016	4	6	ARM	Mali-G68 MC4	phone	Mozilla/5.0 (Linux; Android 12; SM-A336E Build/SP1A.210812.016) AppleWebKit/537.36 (KHTML, like Gecko) Chrome/108.0.5359.128 Mobile Safari/537.36
samsung-sm-a336m	Samsung	Galaxy A33 5G	SM-A336M	2022	12	108.0.5359.128	SP1A.210812.016	4	6	ARM	Mali-G68 MC4	phone	Mozilla/5.0 (Linux; Android 12; SM-A336M Build/SP1A.210812.016) AppleWebKit/537.36 (KHTML, like Gecko) Chrome/108.0.5359.128 Mobile Safari/537.36
samsung-sm-a336n	Samsung	Galaxy A33 5G	SM-A336N	2022	12	108.0.5359.128	SP1A.210812.016	4	6	ARM	Mali-G68 MC4	phone	Mozilla/5.0 (Linux; Android 12; SM-A336N Build/SP1A.210812.016) AppleWebKit/537.36 (KHTML, like Gecko) Chrome/108.0.5359.128 Mobile Safari/537.36
samsung-sm-a3460	Samsung	Galaxy A34 5G	SM-A3460	2023	13	120.0.6099.144	TP1A.220624.014	8	8	ARM	Mali-G68 MC4	phone	Mozilla/5.0 (Linux; Android 13; SM-A3460 Build/TP1A.220624.014) AppleWebKit/537.36 (KHTML, like Gecko) Chrome/120.0.6099.144 Mobile Safari/537.36
samsung-sm-a346b	Samsung	Galaxy A34 5G	SM-A346B	2023	13	120.0.6099.144	TP1A.220624.014	8	8	ARM	Mali-G68 MC4	phone	Mozilla/5.0 (Linux; Android 13; SM-A346B Build/TP1A.220624.014) AppleWebKit/537.36 (KHTML, like Gecko) Chrome/120.0.6099.144 Mobile Safari/537.36
samsung-sm-a346e	Samsung	Galaxy A34 5G	SM-A346E	2023	13	120.0.6099.144	TP1A.220624.014	8	8	ARM	Mali-G68 MC4	phone	Mozilla/5.0 (Linux; Android 13; SM-A346E Build/TP1A.220624.014) AppleWebKit/537.36 (KHTML, like Gecko) Chrome/120.0.6099.144 Mobile Safari/537.36
samsung-sm-a346m	Samsung	Galaxy A34 5G	SM-A346M	2023	13	120.0.6099.144	TP1A.220624.014	8	8	ARM	Mali-G68 MC4	phone	Mozilla/5.0 (Linux; Android 13; SM-A346M Build/TP1A.220624.014) AppleWebKit/537.36 (KHTML, like Gecko) Chrome/120.0.6099.144 Mobile Safari/537.36
samsung-sm-a346n	Samsung	Galaxy A34 5G	SM-A346N	2023	13	120.0.6099.144	TP1A.220624.014	8	8	ARM	Mali-G68 MC4	phone	Mozilla/5.0 (Linux; Android 13; SM-A346N Build/TP1A.220624.014) AppleWebKit/537.36 (KHTML, like Gecko) Chrome/120.0.6099.144 Mobile Safari/537.36
samsung-sm-a3560	Samsung	Galaxy A35 5G	SM-A3560	2024	14	131.0.6778.135	UP1A.231005.007	8	8	ARM	Mali-G68 MC4	phone	Mozilla/5.0 (Linux; Android 14; SM-A3560 Build/UP1A.231005.007) AppleWebKit/537.36 (KHTML, like Gecko) Chrome/131.0.6778.135 Mobile Safari/537.36
samsung-sm-a356b	Samsung	Galaxy A35 5G	SM-A356B	2024	14	131.0.6778.135	UP1A.231005.007	8	8	ARM	Mali-G68 MC4	phone	Mozilla/5.0 (Linux; Android 14; SM-A356B Build/UP1A.231005.007) AppleWebKit/537.36 (KHTML, like Gecko) Chrome/131.0.6778.135 Mobile Safari/537.36
samsung-sm-a356e	Samsung	Galaxy A35 5G	SM-A356E	2024	14	131.0.6778.135	UP1A.231005.007	8	8	ARM	Mali-G68 MC4	phone	Mozilla/5.0 (Linux; Android 14; SM-A356E Build/UP1A.231005.007) AppleWebKit/537.36 (KHTML, like Gecko) Chrome/131.0.6778.135 Mobile Safari/537.36
samsung-sm-a356n	Samsung	Galaxy A35 5G	SM-A356N	2024	14	131.0.6778.135	UP1A.231005.007	8	8	ARM	Mali-G68 MC4	phone	Mozilla/5.0 (Linux; Android 14; SM-A356N Build/UP1A.231005.007) AppleWebKit/537.36 (KHTML, like Gecko) Chrome/131.0.6778.135 Mobile Safari/537.36
samsung-sm-a356u	Samsung	Galaxy A35 5G	SM-A356U	2024	14	131.0.6778.135	UP1A.231005.007	8	8	ARM	Mali-G68 MC4	phone	Mozilla/5.0 (Linux; Android 14; SM-A356U Build/UP1A.231005.007) AppleWebKit/537.36 (KHTML, like Gecko) Chrome/131.0.6778.135 Mobile Safari/537.36
samsung-sm-a356u1	Samsung	Galaxy A35 5G	SM-A356U1	2024	14	131.0.6778.135	UP1A.231005.007	8	8	ARM	Mali-G68 MC4	phone	Mozilla/5.0 (Linux; Android 14; SM-A356U1 Build/UP1A.231005.007) AppleWebKit/537.36 (KHTML, like Gecko) Chrome/131.0.6778.135 Mobile Safari/537.36
samsung-sm-a356w	Samsung	Galaxy A35 5G	SM-A356W	2024	14	131.0.6778.135	UP1A.231005.007	8	8	ARM	Mali-G68 MC4	phone	Mozilla/5.0 (Linux; Android 14; SM-A356W Build/UP1A.231005.007) AppleWebKit/537.36 (KHTML, like Gecko) Chrome/131.0.6778.135 Mobile Safari/537.36
samsung-sm-a3660	Samsung	Galaxy A36 5G	SM-A3660	2025	15	138.0.7204.157	AP3A.241105.007	8	8	Qualcomm	Adreno (TM) 710	phone	Mozilla/5.0 (Linux; Android 15; SM-A3660 Build/AP3A.241105.007) AppleWebKit/537.36 (KHTML, like Gecko) Chrome/138.0.7204.157 Mobile Safari/537.36
samsung-sm-a366b	Samsung	Galaxy A36 5G	SM-A366B	2025	15	138.0.7204.157	AP3A.241105.007	8	8	Qualcomm	Adreno (TM) 710	phone	Mozilla/5.0 (Linux; Android 15; SM-A366B Build/AP3A.241105.007) AppleWebKit/537.36 (KHTML, like Gecko) Chrome/138.0.7204.157 Mobile Safari/537.36
samsung-sm-a366e	Samsung	Galaxy A36 5G	SM-A366E	2025	15	138.0.7204.157	AP3A.241105.007	8	8	Qualcomm	Adreno (TM) 710	phone	Mozilla/5.0 (Linux; Android 15; SM-A366E Build/AP3A.241105.007) AppleWebKit/537.36 (KHTML, like Gecko) Chrome/138.0.7204.157 Mobile Safari/537.36
samsung-sm-a366n	Samsung	Galaxy A36 5G	SM-A366N	2025	15	138.0.7204.157	AP3A.241105.007	8	8	Qualcomm	Adreno (TM) 710	phone	Mozilla/5.0 (Linux; Android 15; SM-A366N Build/AP3A.241105.007) AppleWebKit/537.36 (KHTML, like Gecko) Chrome/138.0.7204.157 Mobile Safari/537.36
samsung-sm-a366q	Samsung	Galaxy A36 5G	SM-A366Q	2025	15	138.0.7204.157	AP3A.241105.007	8	8	Qualcomm	Adreno (TM) 710	phone	Mozilla/5.0 (Linux; Android 15; SM-A366Q Build/AP3A.241105.007) AppleWebKit/537.36 (KHTML, like Gecko) Chrome/138.0.7204.157 Mobile Safari/537.36
samsung-sm-a366u	Samsung	Galaxy A36 5G	SM-A366U	2025	15	138.0.7204.157	AP3A.241105.007	8	8	Qualcomm	Adreno (TM) 710	phone	Mozilla/5.0 (Linux; Android 15; SM-A366U Build/AP3A.241105.007) AppleWebKit/537.36 (KHTML, like Gecko) Chrome/138.0.7204.157 Mobile Safari/537.36
samsung-sm-a366u1	Samsung	Galaxy A36 5G	SM-A366U1	2025	15	138.0.7204.157	AP3A.241105.007	8	8	Qualcomm	Adreno (TM) 710	phone	Mozilla/5.0 (Linux; Android 15; SM-A366U1 Build/AP3A.241105.007) AppleWebKit/537.36 (KHTML, like Gecko) Chrome/138.0.7204.157 Mobile Safari/537.36
samsung-sm-a366w	Samsung	Galaxy A36 5G	SM-A366W	2025	15	138.0.7204.157	AP3A.241105.007	8	8	Qualcomm	Adreno (TM) 710	phone	Mozilla/5.0 (Linux; Android 15; SM-A366W Build/AP3A.241105.007) AppleWebKit/537.36 (KHTML, like Gecko) Chrome/138.0.7204.157 Mobile Safari/537.36
samsung-sm-a5360	Samsung	Galaxy A53 5G	SM-A5360	2022	12	108.0.5359.128	SP1A.210812.016	4	6	ARM	Mali-G68 MC4	phone	Mozilla/5.0 (Linux; Android 12; SM-A5360 Build/SP1A.210812.016) AppleWebKit/537.36 (KHTML, like Gecko) Chrome/108.0.5359.128 Mobile Safari/537.36
samsung-sm-a536b	Samsung	Galaxy A53 5G	SM-A536B	2022	12	108.0.5359.128	SP1A.210812.016	4	6	ARM	Mali-G68 MC4	phone	Mozilla/5.0 (Linux; Android 12; SM-A536B Build/SP1A.210812.016) AppleWebKit/537.36 (KHTML, like Gecko) Chrome/108.0.5359.128 Mobile Safari/537.36
samsung-sm-a536e	Samsung	Galaxy A53 5G	SM-A536E	2022	12	108.0.5359.128	SP1A.210812.016	4	6	ARM	Mali-G68 MC4	phone	Mozilla/5.0 (Linux; Android 12; SM-A536E Build/SP1A.210812.016) AppleWebKit/537.36 (KHTML, like Gecko) Chrome/108.0.5359.128 Mobile Safari/537.36
samsung-sm-a536n	Samsung	Galaxy A53 5G	SM-A536N	2022	12	108.0.5359.128	SP1A.210812.016	4	6	ARM	Mali-G68 MC4	phone	Mozilla/5.0 (Linux; Android 12; SM-A536N Build/SP1A.210812.016) AppleWebKit/537.36 (KHTML, like Gecko) Chrome/108.0.5359.128 Mobile Safari/537.36
samsung-sm-a536u	Samsung	Galaxy A53 5G	SM-A536U	2022	12	108.0.5359.128	SP1A.210812.016	4	6	ARM	Mali-G68 MC4	phone	Mozilla/5.0 (Linux; Android 12; SM-A536U Build/SP1A.210812.016) AppleWebKit/537.36 (KHTML, like Gecko) Chrome/108.0.5359.128 Mobile Safari/537.36
samsung-sm-a536u1	Samsung	Galaxy A53 5G	SM-A536U1	2022	12	108.0.5359.128	SP1A.210812.016	4	6	ARM	Mali-G68 MC4	phone	Mozilla/5.0 (Linux; Android 12; SM-A536U1 Build/SP1A.210812.016) AppleWebKit/537.36 (KHTML, like Gecko) Chrome/108.0.5359.128 Mobile Safari/537.36
samsung-sm-a536w	Samsung	Galaxy A53 5G	SM-A536W	2022	12	108.0.5359.128	SP1A.210812.016	4	6	ARM	Mali-G68 MC4	phone	Mozilla/5.0 (Linux; Android 12; SM-A536W Build/SP1A.210812.016) AppleWebKit/537.36 (KHTML, like Gecko) Chrome/108.0.5359.128 Mobile Safari/537.36
samsung-sm-a5460	Samsung	Galaxy A54 5G	SM-A5460	2023	13	120.0.6099.144	TP1A.220624.014	8	8	ARM	Mali-G68 MC4	phone	Mozilla/5.0 (Linux; Android 13; SM-A5460 Build/TP1A.220624.014) AppleWebKit/537.36 (KHTML, like Gecko) Chrome/120.0.6099.144 Mobile Safari/537.36
samsung-sm-a546b	Samsung	Galaxy A54 5G	SM-A546B	2023	13	120.0.6099.144	TP1A.220624.014	8	8	ARM	Mali-G68 MC4	phone	Mozilla/5.0 (Linux; Android 13; SM-A546B Build/TP1A.220624.014) AppleWebKit/537.36 (KHTML, like Gecko) Chrome/120.0.6099.144 Mobile Safari/537.36
samsung-sm-a546e	Samsung	Galaxy A54 5G	SM-A546E	2023	13	120.0.6099.144	TP1A.220624.014	8	8	ARM	Mali-G68 MC4	phone	Mozilla/5.0 (Linux; Android 13; SM-A546E Build/TP1A.220624.014) AppleWebKit/537.36 (KHTML, like Gecko) Chrome/120.0.6099.144 Mobile Safari/537.36
samsung-sm-a546u	Samsung	Galaxy A54 5G	SM-A546U	2023	13	120.0.6099.144	TP1A.220624.014	8	8	ARM	Mali-G68 MC4	phone	Mozilla/5.0 (Linux; Android 13; SM-A546U Build/TP1A.220624.014) AppleWebKit/537.36 (KHTML, like Gecko) Chrome/120.0.6099.144 Mobile Safari/537.36
samsung-sm-a546u1	Samsung	Galaxy A54 5G	SM-A546U1	2023	13	120.0.6099.144	TP1A.220624.014	8	8	ARM	Mali-G68 MC4	phone	Mozilla/5.0 (Linux; Android 13; SM-A546U1 Build/TP1A.220624.014) AppleWebKit/537.36 (KHTML, like Gecko) Chrome/120.0.6099.144 Mobile Safari/537.36
samsung-sm-a546v	Samsung	Galaxy A54 5G	SM-A546V	2023	13	120.0.6099.144	TP1A.220624.014	8	8	ARM	Mali-G68 MC4	phone	Mozilla/5.0 (Linux; Android 13; SM-A546V Build/TP1A.220624.014) AppleWebKit/537.36 (KHTML, like Gecko) Chrome/120.0.6099.144 Mobile Safari/537.36
samsung-sm-a546w	Samsung	Galaxy A54 5G	SM-A546W	2023	13	120.0.6099.144	TP1A.220624.014	8	8	ARM	Mali-G68 MC4	phone	Mozilla/5.0 (Linux; Android 13; SM-A546W Build/TP1A.220624.014) AppleWebKit/537.36 (KHTML, like Gecko) Chrome/120.0.6099.144 Mobile Safari/537.36
samsung-sm-a5560	Samsung	Galaxy A55 5G	SM-A5560	2024	14	131.0.6778.135	UP1A.231005.007	8	8	Samsung	Xclipse 530	phone	Mozilla/5.0 (Linux; Android 14; SM-A5560 Build/UP1A.231005.007) AppleWebKit/537.36 (KHTML, like Gecko) Chrome/131.0.6778.135 Mobile Safari/537.36
samsung-sm-a556b	Samsung	Galaxy A55 5G	SM-A556B	2024	14	131.0.6778.135	UP1A.231005.007	8	8	Samsung	Xclipse 530	phone	Mozilla/5.0 (Linux; Android 14; SM-A556B Build/UP1A.231005.007) AppleWebKit/537.36 (KHTML, like Gecko) Chrome/131.0.6778.135 Mobile Safari/537.36
samsung-sm-a556e	Samsung	Galaxy A55 5G	SM-A556E	2024	14	131.0.6778.135	UP1A.231005.007	8	8	Samsung	Xclipse 530	phone	Mozilla/5.0 (Linux; Android 14; SM-A556E Build/UP1A.231005.007) AppleWebKit/537.36 (KHTML, like Gecko) Chrome/131.0.6778.135 Mobile Safari/537.36
samsung-sm-a5660	Samsung	Galaxy A56 5G	SM-A5660	2025	15	138.0.7204.157	AP3A.241105.007	8	8	Samsung	Xclipse 540	phone	Mozilla/5.0 (Linux; Android 15; SM-A5660 Build/AP3A.241105.007) AppleWebKit/537.36 (KHTML, like Gecko) Chrome/138.0.7204.157 Mobile Safari/537.36
samsung-sm-a566b	Samsung	Galaxy A56 5G	SM-A566B	2025	15	138.0.7204.157	AP3A.241105.007	8	8	Samsung	Xclipse 540	phone	Mozilla/5.0 (Linux; Android 15; SM-A566B Build/AP3A.241105.007) AppleWebKit/537.36 (KHTML, like Gecko) Chrome/138.0.7204.157 Mobile Safari/537.36
samsung-sm-a566e	Samsung	Galaxy A56 5G	SM-A566E	2025	15	138.0.7204.157	AP3A.241105.007	8	8	Samsung	Xclipse 540	phone	Mozilla/5.0 (Linux; Android 15; SM-A566E Build/AP3A.241105.007) AppleWebKit/537.36 (KHTML, like Gecko) Chrome/138.0.7204.157 Mobile Safari/537.36
samsung-sm-a566u1	Samsung	Galaxy A56 5G	SM-A566U1	2025	15	138.0.7204.157	AP3A.241105.007	8	8	Samsung	Xclipse 540	phone	Mozilla/5.0 (Linux; Android 15; SM-A566U1 Build/AP3A.241105.007) AppleWebKit/537.36 (KHTML, like Gecko) Chrome/138.0.7204.157 Mobile Safari/537.36
samsung-sm-a566w	Samsung	Galaxy A56 5G	SM-A566W	2025	15	138.0.7204.157	AP3A.241105.007	8	8	Samsung	Xclipse 540	phone	Mozilla/5.0 (Linux; Android 15; SM-A566W Build/AP3A.241105.007) AppleWebKit/537.36 (KHTML, like Gecko) Chrome/138.0.7204.157 Mobile Safari/537.36
samsung-sm-a736b	Samsung	Galaxy A73 5G	SM-A736B	2022	12	108.0.5359.128	SP1A.210812.016	4	6	Qualcomm	Adreno (TM) 642L	phone	Mozilla/5.0 (Linux; Android 12; SM-A736B Build/SP1A.210812.016) AppleWebKit/537.36 (KHTML, like Gecko) Chrome/108.0.5359.128 Mobile Safari/537.36
samsung-sm-e145f	Samsung	Galaxy F14	SM-E145F	2022	12	108.0.5359.128	SP1A.210812.016	4	6	ARM	Mali-G52 MP1	phone	Mozilla/5.0 (Linux; Android 12; SM-E145F Build/SP1A.210812.016) AppleWebKit/537.36 (KHTML, like Gecko) Chrome/108.0.5359.128 Mobile Safari/537.36
samsung-sm-e146b	Samsung	Galaxy F14 5G	SM-E146B	2022	12	108.0.5359.128	SP1A.210812.016	4	6	ARM	Mali-G57 MC2	phone	Mozilla/5.0 (Linux; Android 12; SM-E146B Build/SP1A.210812.016) AppleWebKit/537.36 (KHTML, like Gecko) Chrome/108.0.5359.128 Mobile Safari/537.36
samsung-sm-e156b	Samsung	Galaxy F15 5G	SM-E156B	2023	13	120.0.6099.144	TP1A.220624.014	8	8	ARM	Mali-G57 MC2	phone	Mozilla/5.0 (Linux; Android 13; SM-E156B Build/TP1A.220624.014) AppleWebKit/537.36 (KHTML, like Gecko) Chrome/120.0.6099.144 Mobile Safari/537.36
samsung-sm-e166p	Samsung	Galaxy F16 5G	SM-E166P	2024	14	131.0.6778.135	UP1A.231005.007	8	8	ARM	Mali-G57 MC2	phone	Mozilla/5.0 (Linux; Android 14; SM-E166P Build/UP1A.231005.007) AppleWebKit/537.36 (KHTML, like Gecko) Chrome/131.0.6778.135 Mobile Safari/537.36
samsung-sm-e546b	Samsung	Galaxy F54 5G	SM-E546B	2023	13	120.0.6099.144	TP1A.220624.014	8	8	ARM	Mali-G68 MC4	phone	Mozilla/5.0 (Linux; Android 13; SM-E546B Build/TP1A.220624.014) AppleWebKit/537.36 (KHTML, like Gecko) Chrome/120.0.6099.144 Mobile Safari/537.36
samsung-sm-e556b	Samsung	Galaxy F55 5G	SM-E556B	2024	14	131.0.6778.135	UP1A.231005.007	8	8	Qualcomm	Adreno (TM) 644	phone	Mozilla/5.0 (Linux; Android 14; SM-E556B Build/UP1A.231005.007) AppleWebKit/537.36 (KHTML, like Gecko) Chrome/131.0.6778.135 Mobile Safari/537.36
samsung-sm-f7210	Samsung	Galaxy Z Flip4	SM-F7210	2022	12	108.0.5359.128	SP1A.210812.016	4	6	Qualcomm	Adreno (TM) 730	phone	Mozilla/5.0 (Linux; Android 12; SM-F7210 Build/SP1A.210812.016) AppleWebKit/537.36 (KHTML, like Gecko) Chrome/108.0.5359.128 Mobile Safari/537.36
samsung-sm-f721b	Samsung	Galaxy Z Flip4	SM-F721B	2022	12	108.0.5359.128	SP1A.210812.016	4	6	Qualcomm	Adreno (TM) 730	phone	Mozilla/5.0 (Linux; Android 12; SM-F721B Build/SP1A.210812.016) AppleWebKit/537.36 (KHTML, like Gecko) Chrome/108.0.5359.128 Mobile Safari/537.36
samsung-sm-f721c	Samsung	Galaxy Z Flip4	SM-F721C	2022	12	108.0.5359.128	SP1A.210812.016	4	6	Qualcomm	Adreno (TM) 730	phone	Mozilla/5.0 (Linux; Android 12; SM-F721C Build/SP1A.210812.016) AppleWebKit/537.36 (KHTML, like Gecko) Chrome/108.0.5359.128 Mobile Safari/537.36
samsung-sm-f721n	Samsung	Galaxy Z Flip4	SM-F721N	2022	12	108.0.5359.128	SP1A.210812.016	4	6	Qualcomm	Adreno (TM) 730	phone	Mozilla/5.0 (Linux; Android 12; SM-F721N Build/SP1A.210812.016) AppleWebKit/537.36 (KHTML, like Gecko) Chrome/108.0.5359.128 Mobile Safari/537.36
samsung-sm-f721u	Samsung	Galaxy Z Flip4	SM-F721U	2022	12	108.0.5359.128	SP1A.210812.016	4	6	Qualcomm	Adreno (TM) 730	phone	Mozilla/5.0 (Linux; Android 12; SM-F721U Build/SP1A.210812.016) AppleWebKit/537.36 (KHTML, like Gecko) Chrome/108.0.5359.128 Mobile Safari/537.36
samsung-sm-f721u1	Samsung	Galaxy Z Flip4	SM-F721U1	2022	12	108.0.5359.128	SP1A.210812.016	4	6	Qualcomm	Adreno (TM) 730	phone	Mozilla/5.0 (Linux; Android 12; SM-F721U1 Build/SP1A.210812.016) AppleWebKit/537.36 (KHTML, like Gecko) Chrome/108.0.5359.128 Mobile Safari/537.36
samsung-sm-f721w	Samsung	Galaxy Z Flip4	SM-F721W	2022	12	108.0.5359.128	SP1A.210812.016	4	6	Qualcomm	Adreno (TM) 730	phone	Mozilla/5.0 (Linux; Android 12; SM-F721W Build/SP1A.210812.016) AppleWebKit/537.36 (KHTML, like Gecko) Chrome/108.0.5359.128 Mobile Safari/537.36
samsung-sm-f7310	Samsung	Galaxy Z Flip5	SM-F7310	2023	13	120.0.6099.144	TP1A.220624.014	8	8	Qualcomm	Adreno (TM) 740	phone	Mozilla/5.0 (Linux; Android 13; SM-F7310 Build/TP1A.220624.014) AppleWebKit/537.36 (KHTML, like Gecko) Chrome/120.0.6099.144 Mobile Safari/537.36
samsung-sm-f731b	Samsung	Galaxy Z Flip5	SM-F731B	2023	13	120.0.6099.144	TP1A.220624.014	8	8	Qualcomm	Adreno (TM) 740	phone	Mozilla/5.0 (Linux; Android 13; SM-F731B Build/TP1A.220624.014) AppleWebKit/537.36 (KHTML, like Gecko) Chrome/120.0.6099.144 Mobile Safari/537.36
samsung-sm-f731n	Samsung	Galaxy Z Flip5	SM-F731N	2023	13	120.0.6099.144	TP1A.220624.014	8	8	Qualcomm	Adreno (TM) 740	phone	Mozilla/5.0 (Linux; Android 13; SM-F731N Build/TP1A.220624.014) AppleWebKit/537.36 (KHTML, like Gecko) Chrome/120.0.6099.144 Mobile Safari/537.36
samsung-sm-f731q	Samsung	Galaxy Z Flip5	SM-F731Q	2023	13	120.0.6099.144	TP1A.220624.014	8	8	Qualcomm	Adreno (TM) 740	phone	Mozilla/5.0 (Linux; Android 13; SM-F731Q Build/TP1A.220624.014) AppleWebKit/537.36 (KHTML, like Gecko) Chrome/120.0.6099.144 Mobile Safari/537.36
samsung-sm-f731u	Samsung	Galaxy Z Flip5	SM-F731U	2023	13	120.0.6099.144	TP1A.220624.014	8	8	Qualcomm	Adreno (TM) 740	phone	Mozilla/5.0 (Linux; Android 13; SM-F731U Build/TP1A.220624.014) AppleWebKit/537.36 (KHTML, like Gecko) Chrome/120.0.6099.144 Mobile Safari/537.36
samsung-sm-f731u1	Samsung	Galaxy Z Flip5	SM-F731U1	2023	13	120.0.6099.144	TP1A.220624.014	8	8	Qualcomm	Adreno (TM) 740	phone	Mozilla/5.0 (Linux; Android 13; SM-F731U1 Build/TP1A.220624.014) AppleWebKit/537.36 (KHTML, like Gecko) Chrome/120.0.6099.144 Mobile Safari/537.36
samsung-sm-f731w	Samsung	Galaxy Z Flip5	SM-F731W	2023	13	120.0.6099.144	TP1A.220624.014	8	8	Qualcomm	Adreno (TM) 740	phone	Mozilla/5.0 (Linux; Android 13; SM-F731W Build/TP1A.220624.014) AppleWebKit/537.36 (KHTML, like Gecko) Chrome/120.0.6099.144 Mobile Safari/537.36
samsung-sm-f7410	Samsung	Galaxy Z Flip6	SM-F7410	2024	14	131.0.6778.135	UP1A.231005.007	8	8	Qualcomm	Adreno (TM) 750	phone	Mozilla/5.0 (Linux; Android 14; SM-F7410 Build/UP1A.231005.007) AppleWebKit/537.36 (KHTML, like Gecko) Chrome/131.0.6778.135 Mobile Safari/537.36
samsung-sm-f741b	Samsung	Galaxy Z Flip6	SM-F741B	2024	14	131.0.6778.135	UP1A.231005.007	8	8	Qualcomm	Adreno (TM) 750	phone	Mozilla/5.0 (Linux; Android 14; SM-F741B Build/UP1A.231005.007) AppleWebKit/537.36 (KHTML, like Gecko) Chrome/131.0.6778.135 Mobile Safari/537.36
samsung-sm-f741n	Samsung	Galaxy Z Flip6	SM-F741N	2024	14	131.0.6778.135	UP1A.231005.007	8	8	Qualcomm	Adreno (TM) 750	phone	Mozilla/5.0 (Linux; Android 14; SM-F741N Build/UP1A.231005.007) AppleWebKit/537.36 (KHTML, like Gecko) Chrome/131.0.6778.135 Mobile Safari/537.36
samsung-sm-f741q	Samsung	Galaxy Z Flip6	SM-F741Q	2024	14	131.0.6778.135	UP1A.231005.007	8	8	Qualcomm	Adreno (TM) 750	phone	Mozilla/5.0 (Linux; Android 14; SM-F741Q Build/UP1A.231005.007) AppleWebKit/537.36 (KHTML, like Gecko) Chrome/131.0.6778.135 Mobile Safari/537.36
samsung-sm-f741u	Samsung	Galaxy Z Flip6	SM-F741U	2024	14	131.0.6778.135	UP1A.231005.007	8	8	Qualcomm	Adreno (TM) 750	phone	Mozilla/5.0 (Linux; Android 14; SM-F741U Build/UP1A.231005.007) AppleWebKit/537.36 (KHTML, like Gecko) Chrome/131.0.6778.135 Mobile Safari/537.36
samsung-sm-f741u1	Samsung	Galaxy Z Flip6	SM-F741U1	2024	14	131.0.6778.135	UP1A.231005.007	8	8	Qualcomm	Adreno (TM) 750	phone	Mozilla/5.0 (Linux; Android 14; SM-F741U1 Build/UP1A.231005.007) AppleWebKit/537.36 (KHTML, like Gecko) Chrome/131.0.6778.135 Mobile Safari/537.36
samsung-sm-f741w	Samsung	Galaxy Z Flip6	SM-F741W	2024	14	131.0.6778.135	UP1A.231005.007	8	8	Qualcomm	Adreno (TM) 750	phone	Mozilla/5.0 (Linux; Android 14; SM-F741W Build/UP1A.231005.007) AppleWebKit/537.36 (KHTML, like Gecko) Chrome/131.0.6778.135 Mobile Safari/537.36
samsung-sm-f7660	Samsung	Galaxy Z Flip7	SM-F7660	2025	15	138.0.7204.157	AP3A.241105.007	8	8	Qualcomm	Adreno (TM) 830	phone	Mozilla/5.0 (Linux; Android 15; SM-F7660 Build/AP3A.241105.007) AppleWebKit/537.36 (KHTML, like Gecko) Chrome/138.0.7204.157 Mobile Safari/537.36
samsung-sm-f766b	Samsung	Galaxy Z Flip7	SM-F766B	2025	15	138.0.7204.157	AP3A.241105.007	8	8	Qualcomm	Adreno (TM) 830	phone	Mozilla/5.0 (Linux; Android 15; SM-F766B Build/AP3A.241105.007) AppleWebKit/537.36 (KHTML, like Gecko) Chrome/138.0.7204.157 Mobile Safari/537.36
samsung-sm-f766n	Samsung	Galaxy Z Flip7	SM-F766N	2025	15	138.0.7204.157	AP3A.241105.007	8	8	Qualcomm	Adreno (TM) 830	phone	Mozilla/5.0 (Linux; Android 15; SM-F766N Build/AP3A.241105.007) AppleWebKit/537.36 (KHTML, like Gecko) Chrome/138.0.7204.157 Mobile Safari/537.36
samsung-sm-f766q	Samsung	Galaxy Z Flip7	SM-F766Q	2025	15	138.0.7204.157	AP3A.241105.007	8	8	Qualcomm	Adreno (TM) 830	phone	Mozilla/5.0 (Linux; Android 15; SM-F766Q Build/AP3A.241105.007) AppleWebKit/537.36 (KHTML, like Gecko) Chrome/138.0.7204.157 Mobile Safari/537.36
samsung-sm-f766u	Samsung	Galaxy Z Flip7	SM-F766U	2025	15	138.0.7204.157	AP3A.241105.007	8	8	Qualcomm	Adreno (TM) 830	phone	Mozilla/5.0 (Linux; Android 15; SM-F766U Build/AP3A.241105.007) AppleWebKit/537.36 (KHTML, like Gecko) Chrome/138.0.7204.157 Mobile Safari/537.36
samsung-sm-f766u1	Samsung	Galaxy Z Flip7	SM-F766U1	2025	15	138.0.7204.157	AP3A.241105.007	8	8	Qualcomm	Adreno (TM) 830	phone	Mozilla/5.0 (Linux; Android 15; SM-F766U1 Build/AP3A.241105.007) AppleWebKit/537.36 (KHTML, like Gecko) Chrome/138.0.7204.157 Mobile Safari/537.36
samsung-sm-f766w	Samsung	Galaxy Z Flip7	SM-F766W	2025	15	138.0.7204.157	AP3A.241105.007	8	8	Qualcomm	Adreno (TM) 830	phone	Mozilla/5.0 (Linux; Android 15; SM-F766W Build/AP3A.241105.007) AppleWebKit/537.36 (KHTML, like Gecko) Chrome/138.0.7204.157 Mobile Safari/537.36
samsung-sm-f766z	Samsung	Galaxy Z Flip7	SM-F766Z	2025	15	138.0.7204.157	AP3A.241105.007	8	8	Qualcomm	Adreno (TM) 830	phone	Mozilla/5.0 (Linux; Android 15; SM-F766Z Build/AP3A.241105.007) AppleWebKit/537.36 (KHTML, like Gecko) Chrome/138.0.7204.157 Mobile Safari/537.36
samsung-sm-f9360	Samsung	Galaxy Z Fold4	SM-F9360	2022	12	108.0.5359.128	SP1A.210812.016	4	6	Qualcomm	Adreno (TM) 730	phone	Mozilla/5.0 (Linux; Android 12; SM-F9360 Build/SP1A.210812.016) AppleWebKit/537.36 (KHTML, like Gecko) Chrome/108.0.5359.128 Mobile Safari/537.36
samsung-sm-f936b	Samsung	Galaxy Z Fold4	SM-F936B	2022	12	108.0.5359.128	SP1A.210812.016	4	6	Qualcomm	Adreno (TM) 730	phone	Mozilla/5.0 (Linux; Android 12; SM-F936B Build/SP1A.210812.016) AppleWebKit/537.36 (KHTML, like Gecko) Chrome/108.0.5359.128 Mobile Safari/537.36
samsung-sm-f936n	Samsung	Galaxy Z Fold4	SM-F936N	2022	12	108.0.5359.128	SP1A.210812.016	4	6	Qualcomm	Adreno (TM) 730	phone	Mozilla/5.0 (Linux; Android 12; SM-F936N Build/SP1A.210812.016) AppleWebKit/537.36 (KHTML, like Gecko) Chrome/108.0.5359.128 Mobile Safari/537.36
samsung-sm-f936u	Samsung	Galaxy Z Fold4	SM-F936U	2022	12	108.0.5359.128	SP1A.210812.016	4	6	Qualcomm	Adreno (TM) 730	phone	Mozilla/5.0 (Linux; Android 12; SM-F936U Build/SP1A.210812.016) AppleWebKit/537.36 (KHTML, like Gecko) Chrome/108.0.5359.128 Mobile Safari/537.36
samsung-sm-f936u1	Samsung	Galaxy Z Fold4	SM-F936U1	2022	12	108.0.5359.128	SP1A.210812.016	4	6	Qualcomm	Adreno (TM) 730	phone	Mozilla/5.0 (Linux; Android 12; SM-F936U1 Build/SP1A.210812.016) AppleWebKit/537.36 (KHTML, like Gecko) Chrome/108.0.5359.128 Mobile Safari/537.36
samsung-sm-f936w	Samsung	Galaxy Z Fold4	SM-F936W	2022	12	108.0.5359.128	SP1A.210812.016	4	6	Qualcomm	Adreno (TM) 730	phone	Mozilla/5.0 (Linux; Android 12; SM-F936W Build/SP1A.210812.016) AppleWebKit/537.36 (KHTML, like Gecko) Chrome/108.0.5359.128 Mobile Safari/537.36
samsung-sm-f9460	Samsung	Galaxy Z Fold5	SM-F9460	2023	13	120.0.6099.144	TP1A.220624.014	8	8	Qualcomm	Adreno (TM) 740	phone	Mozilla/5.0 (Linux; Android 13; SM-F9460 Build/TP1A.220624.014) AppleWebKit/537.36 (KHTML, like Gecko) Chrome/120.0.6099.144 Mobile Safari/537.36
samsung-sm-f946b	Samsung	Galaxy Z Fold5	SM-F946B	2023	13	120.0.6099.144	TP1A.220624.014	8	8	Qualcomm	Adreno (TM) 740	phone	Mozilla/5.0 (Linux; Android 13; SM-F946B Build/TP1A.220624.014) AppleWebKit/537.36 (KHTML, like Gecko) Chrome/120.0.6099.144 Mobile Safari/537.36
samsung-sm-f946n	Samsung	Galaxy Z Fold5	SM-F946N	2023	13	120.0.6099.144	TP1A.220624.014	8	8	Qualcomm	Adreno (TM) 740	phone	Mozilla/5.0 (Linux; Android 13; SM-F946N Build/TP1A.220624.014) AppleWebKit/537.36 (KHTML, like Gecko) Chrome/120.0.6099.144 Mobile Safari/537.36
samsung-sm-f946q	Samsung	Galaxy Z Fold5	SM-F946Q	2023	13	120.0.6099.144	TP1A.220624.014	8	8	Qualcomm	Adreno (TM) 740	phone	Mozilla/5.0 (Linux; Android 13; SM-F946Q Build/TP1A.220624.014) AppleWebKit/537.36 (KHTML, like Gecko) Chrome/120.0.6099.144 Mobile Safari/537.36
samsung-sm-f946u	Samsung	Galaxy Z Fold5	SM-F946U	2023	13	120.0.6099.144	TP1A.220624.014	8	8	Qualcomm	Adreno (TM) 740	phone	Mozilla/5.0 (Linux; Android 13; SM-F946U Build/TP1A.220624.014) AppleWebKit/537.36 (KHTML, like Gecko) Chrome/120.0.6099.144 Mobile Safari/537.36
samsung-sm-f946u1	Samsung	Galaxy Z Fold5	SM-F946U1	2023	13	120.0.6099.144	TP1A.220624.014	8	8	Qualcomm	Adreno (TM) 740	phone	Mozilla/5.0 (Linux; Android 13; SM-F946U1 Build/TP1A.220624.014) AppleWebKit/537.36 (KHTML, like Gecko) Chrome/120.0.6099.144 Mobile Safari/537.36
samsung-sm-f946w	Samsung	Galaxy Z Fold5	SM-F946W	2023	13	120.0.6099.144	TP1A.220624.014	8	8	Qualcomm	Adreno (TM) 740	phone	Mozilla/5.0 (Linux; Android 13; SM-F946W Build/TP1A.220624.014) AppleWebKit/537.36 (KHTML, like Gecko) Chrome/120.0.6099.144 Mobile Safari/537.36
samsung-sm-f9560	Samsung	Galaxy Z Fold6	SM-F9560	2024	14	131.0.6778.135	UP1A.231005.007	8	8	Qualcomm	Adreno (TM) 750	phone	Mozilla/5.0 (Linux; Android 14; SM-F9560 Build/UP1A.231005.007) AppleWebKit/537.36 (KHTML, like Gecko) Chrome/131.0.6778.135 Mobile Safari/537.36
samsung-sm-f956b	Samsung	Galaxy Z Fold6	SM-F956B	2024	14	131.0.6778.135	UP1A.231005.007	8	8	Qualcomm	Adreno (TM) 750	phone	Mozilla/5.0 (Linux; Android 14; SM-F956B Build/UP1A.231005.007) AppleWebKit/537.36 (KHTML, like Gecko) Chrome/131.0.6778.135 Mobile Safari/537.36
samsung-sm-f956n	Samsung	Galaxy Z Fold6	SM-F956N	2024	14	131.0.6778.135	UP1A.231005.007	8	8	Qualcomm	Adreno (TM) 750	phone	Mozilla/5.0 (Linux; Android 14; SM-F956N Build/UP1A.231005.007) AppleWebKit/537.36 (KHTML, like Gecko) Chrome/131.0.6778.135 Mobile Safari/537.36
samsung-sm-f956q	Samsung	Galaxy Z Fold6	SM-F956Q	2024	14	131.0.6778.135	UP1A.231005.007	8	8	Qualcomm	Adreno (TM) 750	phone	Mozilla/5.0 (Linux; Android 14; SM-F956Q Build/UP1A.231005.007) AppleWebKit/537.36 (KHTML, like Gecko) Chrome/131.0.6778.135 Mobile Safari/537.36
samsung-sm-f956u	Samsung	Galaxy Z Fold6	SM-F956U	2024	14	131.0.6778.135	UP1A.231005.007	8	8	Qualcomm	Adreno (TM) 750	phone	Mozilla/5.0 (Linux; Android 14; SM-F956U Build/UP1A.231005.007) AppleWebKit/537.36 (KHTML, like Gecko) Chrome/131.0.6778.135 Mobile Safari/537.36
samsung-sm-f956u1	Samsung	Galaxy Z Fold6	SM-F956U1	2024	14	131.0.6778.135	UP1A.231005.007	8	8	Qualcomm	Adreno (TM) 750	phone	Mozilla/5.0 (Linux; Android 14; SM-F956U1 Build/UP1A.231005.007) AppleWebKit/537.36 (KHTML, like Gecko) Chrome/131.0.6778.135 Mobile Safari/537.36
samsung-sm-f956w	Samsung	Galaxy Z Fold6	SM-F956W	2024	14	131.0.6778.135	UP1A.231005.007	8	8	Qualcomm	Adreno (TM) 750	phone	Mozilla/5.0 (Linux; Android 14; SM-F956W Build/UP1A.231005.007) AppleWebKit/537.36 (KHTML, like Gecko) Chrome/131.0.6778.135 Mobile Safari/537.36
samsung-sm-f9660	Samsung	Galaxy Z Fold7	SM-F9660	2025	15	138.0.7204.157	AP3A.241105.007	8	8	Qualcomm	Adreno (TM) 830	phone	Mozilla/5.0 (Linux; Android 15; SM-F9660 Build/AP3A.241105.007) AppleWebKit/537.36 (KHTML, like Gecko) Chrome/138.0.7204.157 Mobile Safari/537.36
samsung-sm-f966b	Samsung	Galaxy Z Fold7	SM-F966B	2025	15	138.0.7204.157	AP3A.241105.007	8	8	Qualcomm	Adreno (TM) 830	phone	Mozilla/5.0 (Linux; Android 15; SM-F966B Build/AP3A.241105.007) AppleWebKit/537.36 (KHTML, like Gecko) Chrome/138.0.7204.157 Mobile Safari/537.36
samsung-sm-f966n	Samsung	Galaxy Z Fold7	SM-F966N	2025	15	138.0.7204.157	AP3A.241105.007	8	8	Qualcomm	Adreno (TM) 830	phone	Mozilla/5.0 (Linux; Android 15; SM-F966N Build/AP3A.241105.007) AppleWebKit/537.36 (KHTML, like Gecko) Chrome/138.0.7204.157 Mobile Safari/537.36
samsung-sm-f966q	Samsung	Galaxy Z Fold7	SM-F966Q	2025	15	138.0.7204.157	AP3A.241105.007	8	8	Qualcomm	Adreno (TM) 830	phone	Mozilla/5.0 (Linux; Android 15; SM-F966Q Build/AP3A.241105.007) AppleWebKit/537.36 (KHTML, like Gecko) Chrome/138.0.7204.157 Mobile Safari/537.36
samsung-sm-f966u	Samsung	Galaxy Z Fold7	SM-F966U	2025	15	138.0.7204.157	AP3A.241105.007	8	8	Qualcomm	Adreno (TM) 830	phone	Mozilla/5.0 (Linux; Android 15; SM-F966U Build/AP3A.241105.007) AppleWebKit/537.36 (KHTML, like Gecko) Chrome/138.0.7204.157 Mobile Safari/537.36
samsung-sm-f966u1	Samsung	Galaxy Z Fold7	SM-F966U1	2025	15	138.0.7204.157	AP3A.241105.007	8	8	Qualcomm	Adreno (TM) 830	phone	Mozilla/5.0 (Linux; Android 15; SM-F966U1 Build/AP3A.241105.007) AppleWebKit/537.36 (KHTML, like Gecko) Chrome/138.0.7204.157 Mobile Safari/537.36
samsung-sm-f966w	Samsung	Galaxy Z Fold7	SM-F966W	2025	15	138.0.7204.157	AP3A.241105.007	8	8	Qualcomm	Adreno (TM) 830	phone	Mozilla/5.0 (Linux; Android 15; SM-F966W Build/AP3A.241105.007) AppleWebKit/537.36 (KHTML, like Gecko) Chrome/138.0.7204.157 Mobile Safari/537.36
samsung-sm-f966z	Samsung	Galaxy Z Fold7	SM-F966Z	2025	15	138.0.7204.157	AP3A.241105.007	8	8	Qualcomm	Adreno (TM) 830	phone	Mozilla/5.0 (Linux; Android 15; SM-F966Z Build/AP3A.241105.007) AppleWebKit/537.36 (KHTML, like Gecko) Chrome/138.0.7204.157 Mobile Safari/537.36
samsung-sm-g736b	Samsung	Galaxy XCover6 Pro	SM-G736B	2022	12	108.0.5359.128	SP1A.210812.016	4	6	Qualcomm	Adreno (TM) 642L	phone	Mozilla/5.0 (Linux; Android 12; SM-G736B Build/SP1A.210812.016) AppleWebKit/537.36 (KHTML, like Gecko) Chrome/108.0.5359.128 Mobile Safari/537.36
samsung-sm-g736u	Samsung	Galaxy XCover6 Pro	SM-G736U	2022	12	108.0.5359.128	SP1A.210812.016	4	6	Qualcomm	Adreno (TM) 642L	phone	Mozilla/5.0 (Linux; Android 12; SM-G736U Build/SP1A.210812.016) AppleWebKit/537.36 (KHTML, like Gecko) Chrome/108.0.5359.128 Mobile Safari/537.36
samsung-sm-g736u1	Samsung	Galaxy XCover6 Pro	SM-G736U1	2022	12	108.0.5359.128	SP1A.210812.016	4	6	Qualcomm	Adreno (TM) 642L	phone	Mozilla/5.0 (Linux; Android 12; SM-G736U1 Build/SP1A.210812.016) AppleWebKit/537.36 (KHTML, like Gecko) Chrome/108.0.5359.128 Mobile Safari/537.36
samsung-sm-g736w	Samsung	Galaxy XCover6 Pro	SM-G736W	2022	12	108.0.5359.128	SP1A.210812.016	4	6	Qualcomm	Adreno (TM) 642L	phone	Mozilla/5.0 (Linux; Android 12; SM-G736W Build/SP1A.210812.016) AppleWebKit/537.36 (KHTML, like Gecko) Chrome/108.0.5359.128 Mobile Safari/537.36
samsung-sm-g766b	Samsung	Galaxy XCover7 Pro	SM-G766B	2024	14	131.0.6778.135	UP1A.231005.007	8	8	Qualcomm	Adreno (TM) 710	phone	Mozilla/5.0 (Linux; Android 14; SM-G766B Build/UP1A.231005.007) AppleWebKit/537.36 (KHTML, like Gecko) Chrome/131.0.6778.135 Mobile Safari/537.36
samsung-sm-g766n	Samsung	Galaxy XCover7 Pro	SM-G766N	2024	14	131.0.6778.135	UP1A.231005.007	8	8	Qualcomm	Adreno (TM) 710	phone	Mozilla/5.0 (Linux; Android 14; SM-G766N Build/UP1A.231005.007) AppleWebKit/537.36 (KHTML, like Gecko) Chrome/131.0.6778.135 Mobile Safari/537.36
samsung-sm-g766u	Samsung	Galaxy XCover7 Pro	SM-G766U	2024	14	131.0.6778.135	UP1A.231005.007	8	8	Qualcomm	Adreno (TM) 710	phone	Mozilla/5.0 (Linux; Android 14; SM-G766U Build/UP1A.231005.007) AppleWebKit/537.36 (KHTML, like Gecko) Chrome/131.0.6778.135 Mobile Safari/537.36
samsung-sm-g766u1	Samsung	Galaxy XCover7 Pro	SM-G766U1	2024	14	131.0.6778.135	UP1A.231005.007	8	8	Qualcomm	Adreno (TM) 710	phone	Mozilla/5.0 (Linux; Android 14; SM-G766U1 Build/UP1A.231005.007) AppleWebKit/537.36 (KHTML, like Gecko) Chrome/131.0.6778.135 Mobile Safari/537.36
samsung-sm-g766w	Samsung	Galaxy XCover7 Pro	SM-G766W	2024	14	131.0.6778.135	UP1A.231005.007	8	8	Qualcomm	Adreno (TM) 710	phone	Mozilla/5.0 (Linux; Android 14; SM-G766W Build/UP1A.231005.007) AppleWebKit/537.36 (KHTML, like Gecko) Chrome/131.0.6778.135 Mobile Safari/537.36
samsung-sm-m145f	Samsung	Galaxy M14	SM-M145F	2022	12	108.0.5359.128	SP1A.210812.016	4	6	ARM	Mali-G52 MP1	phone	Mozilla/5.0 (Linux; Android 12; SM-M145F Build/SP1A.210812.016) AppleWebKit/537.36 (KHTML, like Gecko) Chrome/108.0.5359.128 Mobile Safari/537.36
samsung-sm-m146b	Samsung	Galaxy M14 5G	SM-M146B	2022	12	108.0.5359.128	SP1A.210812.016	4	6	ARM	Mali-G57 MC2	phone	Mozilla/5.0 (Linux; Android 12; SM-M146B Build/SP1A.210812.016) AppleWebKit/537.36 (KHTML, like Gecko) Chrome/108.0.5359.128 Mobile Safari/537.36
samsung-sm-m156b	Samsung	Galaxy M15 5G	SM-M156B	2023	13	120.0.6099.144	TP1A.220624.014	8	8	ARM	Mali-G57 MC2	phone	Mozilla/5.0 (Linux; Android 13; SM-M156B Build/TP1A.220624.014) AppleWebKit/537.36 (KHTML, like Gecko) Chrome/120.0.6099.144 Mobile Safari/537.36
samsung-sm-m166p	Samsung	Galaxy M16 5G	SM-M166P	2024	14	131.0.6778.135	UP1A.231005.007	8	8	ARM	Mali-G57 MC2	phone	Mozilla/5.0 (Linux; Android 14; SM-M166P Build/UP1A.231005.007) AppleWebKit/537.36 (KHTML, like Gecko) Chrome/131.0.6778.135 Mobile Safari/537.36
samsung-sm-m336b	Samsung	Galaxy M33 5G	SM-M336B	2022	12	108.0.5359.128	SP1A.210812.016	4	6	ARM	Mali-G68 MC4	phone	Mozilla/5.0 (Linux; Android 12; SM-M336B Build/SP1A.210812.016) AppleWebKit/537.36 (KHTML, like Gecko) Chrome/108.0.5359.128 Mobile Safari/537.36
samsung-sm-m336bu	Samsung	Galaxy M33 5G	SM-M336BU	2022	12	108.0.5359.128	SP1A.210812.016	4	6	ARM	Mali-G68 MC4	phone	Mozilla/5.0 (Linux; Android 12; SM-M336BU Build/SP1A.210812.016) AppleWebKit/537.36 (KHTML, like Gecko) Chrome/108.0.5359.128 Mobile Safari/537.36
samsung-sm-m346b	Samsung	Galaxy M34 5G	SM-M346B	2023	13	120.0.6099.144	TP1A.220624.014	8	8	ARM	Mali-G68 MC4	phone	Mozilla/5.0 (Linux; Android 13; SM-M346B Build/TP1A.220624.014) AppleWebKit/537.36 (KHTML, like Gecko) Chrome/120.0.6099.144 Mobile Safari/537.36
samsung-sm-m346b1	Samsung	Galaxy M34 5G	SM-M346B1	2023	13	120.0.6099.144	TP1A.220624.014	8	8	ARM	Mali-G68 MC4	phone	Mozilla/5.0 (Linux; Android 13; SM-M346B1 Build/TP1A.220624.014) AppleWebKit/537.36 (KHTML, like Gecko) Chrome/120.0.6099.144 Mobile Safari/537.36
samsung-sm-m346b2	Samsung	Galaxy M34 5G	SM-M346B2	2023	13	120.0.6099.144	TP1A.220624.014	8	8	ARM	Mali-G68 MC4	phone	Mozilla/5.0 (Linux; Android 13; SM-M346B2 Build/TP1A.220624.014) AppleWebKit/537.36 (KHTML, like Gecko) Chrome/120.0.6099.144 Mobile Safari/537.36
samsung-sm-m356b	Samsung	Galaxy M35 5G	SM-M356B	2024	14	131.0.6778.135	UP1A.231005.007	8	8	ARM	Mali-G68 MC4	phone	Mozilla/5.0 (Linux; Android 14; SM-M356B Build/UP1A.231005.007) AppleWebKit/537.36 (KHTML, like Gecko) Chrome/131.0.6778.135 Mobile Safari/537.36
samsung-sm-m536b	Samsung	Galaxy M53 5G	SM-M536B	2022	12	108.0.5359.128	SP1A.210812.016	4	6	ARM	Mali-G68 MC4	phone	Mozilla/5.0 (Linux; Android 12; SM-M536B Build/SP1A.210812.016) AppleWebKit/537.36 (KHTML, like Gecko) Chrome/108.0.5359.128 Mobile Safari/537.36
samsung-sm-m546b	Samsung	Galaxy M54 5G	SM-M546B	2023	13	120.0.6099.144	TP1A.220624.014	8	8	Qualcomm	Adreno (TM) 660	phone	Mozilla/5.0 (Linux; Android 13; SM-M546B Build/TP1A.220624.014) AppleWebKit/537.36 (KHTML, like Gecko) Chrome/120.0.6099.144 Mobile Safari/537.36
samsung-sm-m556b	Samsung	Galaxy M55 5G	SM-M556B	2024	14	131.0.6778.135	UP1A.231005.007	8	8	Qualcomm	Adreno (TM) 644	phone	Mozilla/5.0 (Linux; Android 14; SM-M556B Build/UP1A.231005.007) AppleWebKit/537.36 (KHTML, like Gecko) Chrome/131.0.6778.135 Mobile Safari/537.36
samsung-sm-m556e	Samsung	Galaxy M55 5G	SM-M556E	2024	14	131.0.6778.135	UP1A.231005.007	8	8	Qualcomm	Adreno (TM) 644	phone	Mozilla/5.0 (Linux; Android 14; SM-M556E Build/UP1A.231005.007) AppleWebKit/537.36 (KHTML, like Gecko) Chrome/131.0.6778.135 Mobile Safari/537.36
samsung-sm-s136dl	Samsung	Galaxy A13 5G	SM-S136DL	2022	12	108.0.5359.128	SP1A.210812.016	4	6	ARM	Mali-G57 MC2	phone	Mozilla/5.0 (Linux; Android 12; SM-S136DL Build/SP1A.210812.016) AppleWebKit/537.36 (KHTML, like Gecko) Chrome/108.0.5359.128 Mobile Safari/537.36
samsung-sm-s146vl	Samsung	Galaxy A14 5G	SM-S146VL	2023	13	120.0.6099.144	TP1A.220624.014	8	8	ARM	Mali-G57 MC2	phone	Mozilla/5.0 (Linux; Android 13; SM-S146VL Build/TP1A.220624.014) AppleWebKit/537.36 (KHTML, like Gecko) Chrome/120.0.6099.144 Mobile Safari/537.36
samsung-sm-s156v	Samsung	Galaxy A15 5G	SM-S156V	2023	13	120.0.6099.144	TP1A.220624.014	8	8	ARM	Mali-G57 MC2	phone	Mozilla/5.0 (Linux; Android 13; SM-S156V Build/TP1A.220624.014) AppleWebKit/537.36 (KHTML, like Gecko) Chrome/120.0.6099.144 Mobile Safari/537.36
samsung-sm-s166v	Samsung	Galaxy A16 5G	SM-S166V	2024	14	131.0.6778.135	UP1A.231005.007	8	8	ARM	Mali-G57 MC2	phone	Mozilla/5.0 (Linux; Android 14; SM-S166V Build/UP1A.231005.007) AppleWebKit/537.36 (KHTML, like Gecko) Chrome/131.0.6778.135 Mobile Safari/537.36
samsung-sm-s176v	Samsung	Galaxy A17 5G	SM-S176V	2025	15	138.0.7204.157	AP3A.241105.007	8	8	ARM	Mali-G57 MC2	phone	Mozilla/5.0 (Linux; Android 15; SM-S176V Build/AP3A.241105.007) AppleWebKit/537.36 (KHTML, like Gecko) Chrome/138.0.7204.157 Mobile Safari/537.36
samsung-sm-s236dl	Samsung	Galaxy A23 5G	SM-S236DL	2022	12	108.0.5359.128	SP1A.210812.016	4	6	Qualcomm	Adreno (TM) 619	phone	Mozilla/5.0 (Linux; Android 12; SM-S236DL Build/SP1A.210812.016) AppleWebKit/537.36 (KHTML, like Gecko) Chrome/108.0.5359.128 Mobile Safari/537.36
samsung-sm-s237vl	Samsung	Galaxy A23 5G	SM-S237VL	2022	12	108.0.5359.128	SP1A.210812.016	4	6	Qualcomm	Adreno (TM) 619	phone	Mozilla/5.0 (Linux; Android 12; SM-S237VL Build/SP1A.210812.016) AppleWebKit/537.36 (KHTML, like Gecko) Chrome/108.0.5359.128 Mobile Safari/537.36
samsung-sm-s256vl	Samsung	Galaxy A25 5G	SM-S256VL	2023	13	120.0.6099.144	TP1A.220624.014	8	8	ARM	Mali-G68 MC4	phone	Mozilla/5.0 (Linux; Android 13; SM-S256VL Build/TP1A.220624.014) AppleWebKit/537.36 (KHTML, like Gecko) Chrome/120.0.6099.144 Mobile Safari/537.36
samsung-sm-s266v	Samsung	Galaxy A26 5G	SM-S266V	2025	15	138.0.7204.157	AP3A.241105.007	8	8	ARM	Mali-G68 MC4	phone	Mozilla/5.0 (Linux; Android 15; SM-S266V Build/AP3A.241105.007) AppleWebKit/537.36 (KHTML, like Gecko) Chrome/138.0.7204.157 Mobile Safari/537.36
samsung-sm-s356v	Samsung	Galaxy A35 5G	SM-S356V	2024	14	131.0.6778.135	UP1A.231005.007	8	8	ARM	Mali-G68 MC4	phone	Mozilla/5.0 (Linux; Android 14; SM-S356V Build/UP1A.231005.007) AppleWebKit/537.36 (KHTML, like Gecko) Chrome/131.0.6778.135 Mobile Safari/537.36
samsung-sm-s366v	Samsung	Galaxy A36 5G	SM-S366V	2025	15	138.0.7204.157	AP3A.241105.007	8	8	Qualcomm	Adreno (TM) 710	phone	Mozilla/5.0 (Linux; Android 15; SM-S366V Build/AP3A.241105.007) AppleWebKit/537.36 (KHTML, like Gecko) Chrome/138.0.7204.157 Mobile Safari/537.36
samsung-sm-s536dl	Samsung	Galaxy A53 5G	SM-S536DL	2022	12	108.0.5359.128	SP1A.210812.016	4	6	ARM	Mali-G68 MC4	phone	Mozilla/5.0 (Linux; Android 12; SM-S536DL Build/SP1A.210812.016) AppleWebKit/537.36 (KHTML, like Gecko) Chrome/108.0.5359.128 Mobile Safari/537.36
samsung-sm-s546vl	Samsung	Galaxy A54 5G	SM-S546VL	2023	13	120.0.6099.144	TP1A.220624.014	8	8	ARM	Mali-G68 MC4	phone	Mozilla/5.0 (Linux; Android 13; SM-S546VL Build/TP1A.220624.014) AppleWebKit/537.36 (KHTML, like Gecko) Chrome/120.0.6099.144 Mobile Safari/537.36
samsung-sm-s7110	Samsung	Galaxy S23 FE	SM-S7110	2023	13	120.0.6099.144	TP1A.220624.014	8	8	Samsung	Xclipse 920	phone	Mozilla/5.0 (Linux; Android 13; SM-S7110 Build/TP1A.220624.014) AppleWebKit/537.36 (KHTML, like Gecko) Chrome/120.0.6099.144 Mobile Safari/537.36
samsung-sm-s711b	Samsung	Galaxy S23 FE	SM-S711B	2023	13	120.0.6099.144	TP1A.220624.014	8	8	Samsung	Xclipse 920	phone	Mozilla/5.0 (Linux; Android 13; SM-S711B Build/TP1A.220624.014) AppleWebKit/537.36 (KHTML, like Gecko) Chrome/120.0.6099.144 Mobile Safari/537.36
samsung-sm-s711n	Samsung	Galaxy S23 FE	SM-S711N	2023	13	120.0.6099.144	TP1A.220624.014	8	8	Samsung	Xclipse 920	phone	Mozilla/5.0 (Linux; Android 13; SM-S711N Build/TP1A.220624.014) AppleWebKit/537.36 (KHTML, like Gecko) Chrome/120.0.6099.144 Mobile Safari/537.36
samsung-sm-s711u	Samsung	Galaxy S23 FE	SM-S711U	2023	13	120.0.6099.144	TP1A.220624.014	8	8	Qualcomm	Adreno (TM) 730	phone	Mozilla/5.0 (Linux; Android 13; SM-S711U Build/TP1A.220624.014) AppleWebKit/537.36 (KHTML, like Gecko) Chrome/120.0.6099.144 Mobile Safari/537.36
samsung-sm-s711u1	Samsung	Galaxy S23 FE	SM-S711U1	2023	13	120.0.6099.144	TP1A.220624.014	8	8	Qualcomm	Adreno (TM) 730	phone	Mozilla/5.0 (Linux; Android 13; SM-S711U1 Build/TP1A.220624.014) AppleWebKit/537.36 (KHTML, like Gecko) Chrome/120.0.6099.144 Mobile Safari/537.36
samsung-sm-s711w	Samsung	Galaxy S23 FE	SM-S711W	2023	13	120.0.6099.144	TP1A.220624.014	8	8	Qualcomm	Adreno (TM) 730	phone	Mozilla/5.0 (Linux; Android 13; SM-S711W Build/TP1A.220624.014) AppleWebKit/537.36 (KHTML, like Gecko) Chrome/120.0.6099.144 Mobile Safari/537.36
samsung-sm-s7210	Samsung	Galaxy S24 FE	SM-S7210	2024	14	131.0.6778.135	UP1A.231005.007	8	8	Samsung	Xclipse 940	phone	Mozilla/5.0 (Linux; Android 14; SM-S7210 Build/UP1A.231005.007) AppleWebKit/537.36 (KHTML, like Gecko) Chrome/131.0.6778.135 Mobile Safari/537.36
samsung-sm-s721b	Samsung	Galaxy S24 FE	SM-S721B	2024	14	131.0.6778.135	UP1A.231005.007	8	8	Samsung	Xclipse 940	phone	Mozilla/5.0 (Linux; Android 14; SM-S721B Build/UP1A.231005.007) AppleWebKit/537.36 (KHTML, like Gecko) Chrome/131.0.6778.135 Mobile Safari/537.36
samsung-sm-s721n	Samsung	Galaxy S24 FE	SM-S721N	2024	14	131.0.6778.135	UP1A.231005.007	8	8	Samsung	Xclipse 940	phone	Mozilla/5.0 (Linux; Android 14; SM-S721N Build/UP1A.231005.007) AppleWebKit/537.36 (KHTML, like Gecko) Chrome/131.0.6778.135 Mobile Safari/537.36
samsung-sm-s721q	Samsung	Galaxy S24 FE	SM-S721Q	2024	14	131.0.6778.135	UP1A.231005.007	8	8	Samsung	Xclipse 940	phone	Mozilla/5.0 (Linux; Android 14; SM-S721Q Build/UP1A.231005.007) AppleWebKit/537.36 (KHTML, like Gecko) Chrome/131.0.6778.135 Mobile Safari/537.36
samsung-sm-s721u	Samsung	Galaxy S24 FE	SM-S721U	2024	14	131.0.6778.135	UP1A.231005.007	8	8	Samsung	Xclipse 940	phone	Mozilla/5.0 (Linux; Android 14; SM-S721U Build/UP1A.231005.007) AppleWebKit/537.36 (KHTML, like Gecko) Chrome/131.0.6778.135 Mobile Safari/537.36
samsung-sm-s721u1	Samsung	Galaxy S24 FE	SM-S721U1	2024	14	131.0.6778.135	UP1A.231005.007	8	8	Samsung	Xclipse 940	phone	Mozilla/5.0 (Linux; Android 14; SM-S721U1 Build/UP1A.231005.007) AppleWebKit/537.36 (KHTML, like Gecko) Chrome/131.0.6778.135 Mobile Safari/537.36
samsung-sm-s721w	Samsung	Galaxy S24 FE	SM-S721W	2024	14	131.0.6778.135	UP1A.231005.007	8	8	Samsung	Xclipse 940	phone	Mozilla/5.0 (Linux; Android 14; SM-S721W Build/UP1A.231005.007) AppleWebKit/537.36 (KHTML, like Gecko) Chrome/131.0.6778.135 Mobile Safari/537.36
samsung-sm-s9010	Samsung	Galaxy S22	SM-S9010	2022	12	108.0.5359.128	SP1A.210812.016	4	6	Qualcomm	Adreno (TM) 730	phone	Mozilla/5.0 (Linux; Android 12; SM-S9010 Build/SP1A.210812.016) AppleWebKit/537.36 (KHTML, like Gecko) Chrome/108.0.5359.128 Mobile Safari/537.36
samsung-sm-s901b	Samsung	Galaxy S22	SM-S901B	2022	12	108.0.5359.128	SP1A.210812.016	4	6	Samsung	Xclipse 920	phone	Mozilla/5.0 (Linux; Android 12; SM-S901B Build/SP1A.210812.016) AppleWebKit/537.36 (KHTML, like Gecko) Chrome/108.0.5359.128 Mobile Safari/537.36
samsung-sm-s901e	Samsung	Galaxy S22	SM-S901E	2022	12	108.0.5359.128	SP1A.210812.016	4	6	Qualcomm	Adreno (TM) 730	phone	Mozilla/5.0 (Linux; Android 12; SM-S901E Build/SP1A.210812.016) AppleWebKit/537.36 (KHTML, like Gecko) Chrome/108.0.5359.128 Mobile Safari/537.36
samsung-sm-s901n	Samsung	Galaxy S22	SM-S901N	2022	12	108.0.5359.128	SP1A.210812.016	4	6	Qualcomm	Adreno (TM) 730	phone	Mozilla/5.0 (Linux; Android 12; SM-S901N Build/SP1A.210812.016) AppleWebKit/537.36 (KHTML, like Gecko) Chrome/108.0.5359.128 Mobile Safari/537.36
samsung-sm-s901u	Samsung	Galaxy S22	SM-S901U	2022	12	108.0.5359.128	SP1A.210812.016	4	6	Qualcomm	Adreno (TM) 730	phone	Mozilla/5.0 (Linux; Android 12; SM-S901U Build/SP1A.210812.016) AppleWebKit/537.36 (KHTML, like Gecko) Chrome/108.0.5359.128 Mobile Safari/537.36
samsung-sm-s901u1	Samsung	Galaxy S22	SM-S901U1	2022	12	108.0.5359.128	SP1A.210812.016	4	6	Qualcomm	Adreno (TM) 730	phone	Mozilla/5.0 (Linux; Android 12; SM-S901U1 Build/SP1A.210812.016) AppleWebKit/537.36 (KHTML, like Gecko) Chrome/108.0.5359.128 Mobile Safari/537.36
samsung-sm-s901w	Samsung	Galaxy S22	SM-S901W	2022	12	108.0.5359.128	SP1A.210812.016	4	6	Qualcomm	Adreno (TM) 730	phone	Mozilla/5.0 (Linux; Android 12; SM-S901W Build/SP1A.210812.016) AppleWebKit/537.36 (KHTML, like Gecko) Chrome/108.0.5359.128 Mobile Safari/537.36
samsung-sm-s9060	Samsung	Galaxy S22+	SM-S9060	2022	12	108.0.5359.128	SP1A.210812.016	4	6	Qualcomm	Adreno (TM) 730	phone	Mozilla/5.0 (Linux; Android 12; SM-S9060 Build/SP1A.210812.016) AppleWebKit/537.36 (KHTML, like Gecko) Chrome/108.0.5359.128 Mobile Safari/537.36
samsung-sm-s906b	Samsung	Galaxy S22+	SM-S906B	2022	12	108.0.5359.128	SP1A.210812.016	4	6	Samsung	Xclipse 920	phone	Mozilla/5.0 (Linux; Android 12; SM-S906B Build/SP1A.210812.016) AppleWebKit/537.36 (KHTML, like Gecko) Chrome/108.0.5359.128 Mobile Safari/537.36
samsung-sm-s906e	Samsung	Galaxy S22+	SM-S906E	2022	12	108.0.5359.128	SP1A.210812.016	4	6	Qualcomm	Adreno (TM) 730	phone	Mozilla/5.0 (Linux; Android 12; SM-S906E Build/SP1A.210812.016) AppleWebKit/537.36 (KHTML, like Gecko) Chrome/108.0.5359.128 Mobile Safari/537.36
samsung-sm-s906n	Samsung	Galaxy S22+	SM-S906N	2022	12	108.0.5359.128	SP1A.210812.016	4	6	Qualcomm	Adreno (TM) 730	phone	Mozilla/5.0 (Linux; Android 12; SM-S906N Build/SP1A.210812.016) AppleWebKit/537.36 (KHTML, like Gecko) Chrome/108.0.5359.128 Mobile Safari/537.36
samsung-sm-s906u	Samsung	Galaxy S22+	SM-S906U	2022	12	108.0.5359.128	SP1A.210812.016	4	6	Qualcomm	Adreno (TM) 730	phone	Mozilla/5.0 (Linux; Android 12; SM-S906U Build/SP1A.210812.016) AppleWebKit/537.36 (KHTML, like Gecko) Chrome/108.0.5359.128 Mobile Safari/537.36
samsung-sm-s906u1	Samsung	Galaxy S22+	SM-S906U1	2022	12	108.0.5359.128	SP1A.210812.016	4	6	Qualcomm	Adreno (TM) 730	phone	Mozilla/5.0 (Linux; Android 12; SM-S906U1 Build/SP1A.210812.016) AppleWebKit/537.36 (KHTML, like Gecko) Chrome/108.0.5359.128 Mobile Safari/537.36
samsung-sm-s906w	Samsung	Galaxy S22+	SM-S906W	2022	12	108.0.5359.128	SP1A.210812.016	4	6	Qualcomm	Adreno (TM) 730	phone	Mozilla/5.0 (Linux; Android 12; SM-S906W Build/SP1A.210812.016) AppleWebKit/537.36 (KHTML, like Gecko) Chrome/108.0.5359.128 Mobile Safari/537.36
samsung-sm-s9080	Samsung	Galaxy S22 Ultra	SM-S9080	2022	12	108.0.5359.128	SP1A.210812.016	4	6	Qualcomm	Adreno (TM) 730	phone	Mozilla/5.0 (Linux; Android 12; SM-S9080 Build/SP1A.210812.016) AppleWebKit/537.36 (KHTML, like Gecko) Chrome/108.0.5359.128 Mobile Safari/537.36
samsung-sm-s908b	Samsung	Galaxy S22 Ultra	SM-S908B	2022	12	108.0.5359.128	SP1A.210812.016	4	6	Samsung	Xclipse 920	phone	Mozilla/5.0 (Linux; Android 12; SM-S908B Build/SP1A.210812.016) AppleWebKit/537.36 (KHTML, like Gecko) Chrome/108.0.5359.128 Mobile Safari/537.36
samsung-sm-s908e	Samsung	Galaxy S22 Ultra	SM-S908E	2022	12	108.0.5359.128	SP1A.210812.016	4	6	Qualcomm	Adreno (TM) 730	phone	Mozilla/5.0 (Linux; Android 12; SM-S908E Build/SP1A.210812.016) AppleWebKit/537.36 (KHTML, like Gecko) Chrome/108.0.5359.128 Mobile Safari/537.36
samsung-sm-s908n	Samsung	Galaxy S22 Ultra	SM-S908N	2022	12	108.0.5359.128	SP1A.210812.016	4	6	Qualcomm	Adreno (TM) 730	phone	Mozilla/5.0 (Linux; Android 12; SM-S908N Build/SP1A.210812.016) AppleWebKit/537.36 (KHTML, like Gecko) Chrome/108.0.5359.128 Mobile Safari/537.36
samsung-sm-s908u	Samsung	Galaxy S22 Ultra	SM-S908U	2022	12	108.0.5359.128	SP1A.210812.016	4	6	Qualcomm	Adreno (TM) 730	phone	Mozilla/5.0 (Linux; Android 12; SM-S908U Build/SP1A.210812.016) AppleWebKit/537.36 (KHTML, like Gecko) Chrome/108.0.5359.128 Mobile Safari/537.36
samsung-sm-s908u1	Samsung	Galaxy S22 Ultra	SM-S908U1	2022	12	108.0.5359.128	SP1A.210812.016	4	6	Qualcomm	Adreno (TM) 730	phone	Mozilla/5.0 (Linux; Android 12; SM-S908U1 Build/SP1A.210812.016) AppleWebKit/537.36 (KHTML, like Gecko) Chrome/108.0.5359.128 Mobile Safari/537.36
samsung-sm-s908w	Samsung	Galaxy S22 Ultra	SM-S908W	2022	12	108.0.5359.128	SP1A.210812.016	4	6	Qualcomm	Adreno (TM) 730	phone	Mozilla/5.0 (Linux; Android 12; SM-S908W Build/SP1A.210812.016) AppleWebKit/537.36 (KHTML, like Gecko) Chrome/108.0.5359.128 Mobile Safari/537.36
samsung-sm-s9110	Samsung	Galaxy S23	SM-S9110	2023	13	120.0.6099.144	TP1A.220624.014	8	8	Qualcomm	Adreno (TM) 740	phone	Mozilla/5.0 (Linux; Android 13; SM-S9110 Build/TP1A.220624.014) AppleWebKit/537.36 (KHTML, like Gecko) Chrome/120.0.6099.144 Mobile Safari/537.36
samsung-sm-s911b	Samsung	Galaxy S23	SM-S911B	2023	13	120.0.6099.144	TP1A.220624.014	8	8	Qualcomm	Adreno (TM) 740	phone	Mozilla/5.0 (Linux; Android 13; SM-S911B Build/TP1A.220624.014) AppleWebKit/537.36 (KHTML, like Gecko) Chrome/120.0.6099.144 Mobile Safari/537.36
samsung-sm-s911c	Samsung	Galaxy S23	SM-S911C	2023	13	120.0.6099.144	TP1A.220624.014	8	8	Qualcomm	Adreno (TM) 740	phone	Mozilla/5.0 (Linux; Android 13; SM-S911C Build/TP1A.220624.014) AppleWebKit/537.36 (KHTML, like Gecko) Chrome/120.0.6099.144 Mobile Safari/537.36
samsung-sm-s911n	Samsung	Galaxy S23	SM-S911N	2023	13	120.0.6099.144	TP1A.220624.014	8	8	Qualcomm	Adreno (TM) 740	phone	Mozilla/5.0 (Linux; Android 13; SM-S911N Build/TP1A.220624.014) AppleWebKit/537.36 (KHTML, like Gecko) Chrome/120.0.6099.144 Mobile Safari/537.36
samsung-sm-s911u	Samsung	Galaxy S23	SM-S911U	2023	13	120.0.6099.144	TP1A.220624.014	8	8	Qualcomm	Adreno (TM) 740	phone	Mozilla/5.0 (Linux; Android 13; SM-S911U Build/TP1A.220624.014) AppleWebKit/537.36 (KHTML, like Gecko) Chrome/120.0.6099.144 Mobile Safari/537.36
samsung-sm-s911u1	Samsung	Galaxy S23	SM-S911U1	2023	13	120.0.6099.144	TP1A.220624.014	8	8	Qualcomm	Adreno (TM) 740	phone	Mozilla/5.0 (Linux; Android 13; SM-S911U1 Build/TP1A.220624.014) AppleWebKit/537.36 (KHTML, like Gecko) Chrome/120.0.6099.144 Mobile Safari/537.36
samsung-sm-s911w	Samsung	Galaxy S23	SM-S911W	2023	13	120.0.6099.144	TP1A.220624.014	8	8	Qualcomm	Adreno (TM) 740	phone	Mozilla/5.0 (Linux; Android 13; SM-S911W Build/TP1A.220624.014) AppleWebKit/537.36 (KHTML, like Gecko) Chrome/120.0.6099.144 Mobile Safari/537.36
samsung-sm-s9160	Samsung	Galaxy S23+	SM-S9160	2023	13	120.0.6099.144	TP1A.220624.014	8	8	Qualcomm	Adreno (TM) 740	phone	Mozilla/5.0 (Linux; Android 13; SM-S9160 Build/TP1A.220624.014) AppleWebKit/537.36 (KHTML, like Gecko) Chrome/120.0.6099.144 Mobile Safari/537.36
samsung-sm-s916b	Samsung	Galaxy S23+	SM-S916B	2023	13	120.0.6099.144	TP1A.220624.014	8	8	Qualcomm	Adreno (TM) 740	phone	Mozilla/5.0 (Linux; Android 13; SM-S916B Build/TP1A.220624.014) AppleWebKit/537.36 (KHTML, like Gecko) Chrome/120.0.6099.144 Mobile Safari/537.36
samsung-sm-s916n	Samsung	Galaxy S23+	SM-S916N	2023	13	120.0.6099.144	TP1A.220624.014	8	8	Qualcomm	Adreno (TM) 740	phone	Mozilla/5.0 (Linux; Android 13; SM-S916N Build/TP1A.220624.014) AppleWebKit/537.36 (KHTML, like Gecko) Chrome/120.0.6099.144 Mobile Safari/537.36
samsung-sm-s916u	Samsung	Galaxy S23+	SM-S916U	2023	13	120.0.6099.144	TP1A.220624.014	8	8	Qualcomm	Adreno (TM) 740	phone	Mozilla/5.0 (Linux; Android 13; SM-S916U Build/TP1A.220624.014) AppleWebKit/537.36 (KHTML, like Gecko) Chrome/120.0.6099.144 Mobile Safari/537.36
samsung-sm-s916u1	Samsung	Galaxy S23+	SM-S916U1	2023	13	120.0.6099.144	TP1A.220624.014	8	8	Qualcomm	Adreno (TM) 740	phone	Mozilla/5.0 (Linux; Android 13; SM-S916U1 Build/TP1A.220624.014) AppleWebKit/537.36 (KHTML, like Gecko) Chrome/120.0.6099.144 Mobile Safari/537.36
samsung-sm-s916w	Samsung	Galaxy S23+	SM-S916W	2023	13	120.0.6099.144	TP1A.220624.014	8	8	Qualcomm	Adreno (TM) 740	phone	Mozilla/5.0 (Linux; Android 13; SM-S916W Build/TP1A.220624.014) AppleWebKit/537.36 (KHTML, like Gecko) Chrome/120.0.6099.144 Mobile Safari/537.36
samsung-sm-s9180	Samsung	Galaxy S23 Ultra	SM-S9180	2023	13	120.0.6099.144	TP1A.220624.014	8	8	Qualcomm	Adreno (TM) 740	phone	Mozilla/5.0 (Linux; Android 13; SM-S9180 Build/TP1A.220624.014) AppleWebKit/537.36 (KHTML, like Gecko) Chrome/120.0.6099.144 Mobile Safari/537.36
samsung-sm-s918b	Samsung	Galaxy S23 Ultra	SM-S918B	2023	13	120.0.6099.144	TP1A.220624.014	8	8	Qualcomm	Adreno (TM) 740	phone	Mozilla/5.0 (Linux; Android 13; SM-S918B Build/TP1A.220624.014) AppleWebKit/537.36 (KHTML, like Gecko) Chrome/120.0.6099.144 Mobile Safari/537.36
samsung-sm-s918n	Samsung	Galaxy S23 Ultra	SM-S918N	2023	13	120.0.6099.144	TP1A.220624.014	8	8	Qualcomm	Adreno (TM) 740	phone	Mozilla/5.0 (Linux; Android 13; SM-S918N Build/TP1A.220624.014) AppleWebKit/537.36 (KHTML, like Gecko) Chrome/120.0.6099.144 Mobile Safari/537.36
samsung-sm-s918q	Samsung	Galaxy S23 Ultra	SM-S918Q	2023	13	120.0.6099.144	TP1A.220624.014	8	8	Qualcomm	Adreno (TM) 740	phone	Mozilla/5.0 (Linux; Android 13; SM-S918Q Build/TP1A.220624.014) AppleWebKit/537.36 (KHTML, like Gecko) Chrome/120.0.6099.144 Mobile Safari/537.36
samsung-sm-s918u	Samsung	Galaxy S23 Ultra	SM-S918U	2023	13	120.0.6099.144	TP1A.220624.014	8	8	Qualcomm	Adreno (TM) 740	phone	Mozilla/5.0 (Linux; Android 13; SM-S918U Build/TP1A.220624.014) AppleWebKit/537.36 (KHTML, like Gecko) Chrome/120.0.6099.144 Mobile Safari/537.36
samsung-sm-s918u1	Samsung	Galaxy S23 Ultra	SM-S918U1	2023	13	120.0.6099.144	TP1A.220624.014	8	8	Qualcomm	Adreno (TM) 740	phone	Mozilla/5.0 (Linux; Android 13; SM-S918U1 Build/TP1A.220624.014) AppleWebKit/537.36 (KHTML, like Gecko) Chrome/120.0.6099.144 Mobile Safari/537.36
samsung-sm-s918w	Samsung	Galaxy S23 Ultra	SM-S918W	2023	13	120.0.6099.144	TP1A.220624.014	8	8	Qualcomm	Adreno (TM) 740	phone	Mozilla/5.0 (Linux; Android 13; SM-S918W Build/TP1A.220624.014) AppleWebKit/537.36 (KHTML, like Gecko) Chrome/120.0.6099.144 Mobile Safari/537.36
samsung-sm-s9210	Samsung	Galaxy S24	SM-S9210	2024	14	131.0.6778.135	UP1A.231005.007	8	8	Qualcomm	Adreno (TM) 750	phone	Mozilla/5.0 (Linux; Android 14; SM-S9210 Build/UP1A.231005.007) AppleWebKit/537.36 (KHTML, like Gecko) Chrome/131.0.6778.135 Mobile Safari/537.36
samsung-sm-s921b	Samsung	Galaxy S24	SM-S921B	2024	14	131.0.6778.135	UP1A.231005.007	8	8	Samsung	Xclipse 940	phone	Mozilla/5.0 (Linux; Android 14; SM-S921B Build/UP1A.231005.007) AppleWebKit/537.36 (KHTML, like Gecko) Chrome/131.0.6778.135 Mobile Safari/537.36
samsung-sm-s921e	Samsung	Galaxy S24	SM-S921E	2024	14	131.0.6778.135	UP1A.231005.007	8	8	Samsung	Xclipse 940	phone	Mozilla/5.0 (Linux; Android 14; SM-S921E Build/UP1A.231005.007) AppleWebKit/537.36 (KHTML, like Gecko) Chrome/131.0.6778.135 Mobile Safari/537.36
samsung-sm-s921n	Samsung	Galaxy S24	SM-S921N	2024	14	131.0.6778.135	UP1A.231005.007	8	8	Samsung	Xclipse 940	phone	Mozilla/5.0 (Linux; Android 14; SM-S921N Build/UP1A.231005.007) AppleWebKit/537.36 (KHTML, like Gecko) Chrome/131.0.6778.135 Mobile Safari/537.36
samsung-sm-s921q	Samsung	Galaxy S24	SM-S921Q	2024	14	131.0.6778.135	UP1A.231005.007	8	8	Qualcomm	Adreno (TM) 750	phone	Mozilla/5.0 (Linux; Android 14; SM-S921Q Build/UP1A.231005.007) AppleWebKit/537.36 (KHTML, like Gecko) Chrome/131.0.6778.135 Mobile Safari/537.36
samsung-sm-s921u	Samsung	Galaxy S24	SM-S921U	2024	14	131.0.6778.135	UP1A.231005.007	8	8	Qualcomm	Adreno (TM) 750	phone	Mozilla/5.0 (Linux; Android 14; SM-S921U Build/UP1A.231005.007) AppleWebKit/537.36 (KHTML, like Gecko) Chrome/131.0.6778.135 Mobile Safari/537.36
samsung-sm-s921u1	Samsung	Galaxy S24	SM-S921U1	2024	14	131.0.6778.135	UP1A.231005.007	8	8	Qualcomm	Adreno (TM) 750	phone	Mozilla/5.0 (Linux; Android 14; SM-S921U1 Build/UP1A.231005.007) AppleWebKit/537.36 (KHTML, like Gecko) Chrome/131.0.6778.135 Mobile Safari/537.36
samsung-sm-s921w	Samsung	Galaxy S24	SM-S921W	2024	14	131.0.6778.135	UP1A.231005.007	8	8	Qualcomm	Adreno (TM) 750	phone	Mozilla/5.0 (Linux; Android 14; SM-S921W Build/UP1A.231005.007) AppleWebKit/537.36 (KHTML, like Gecko) Chrome/131.0.6778.135 Mobile Safari/537.36
samsung-sm-s9260	Samsung	Galaxy S24+	SM-S9260	2024	14	131.0.6778.135	UP1A.231005.007	8	8	Qualcomm	Adreno (TM) 750	phone	Mozilla/5.0 (Linux; Android 14; SM-S9260 Build/UP1A.231005.007) AppleWebKit/537.36 (KHTML, like Gecko) Chrome/131.0.6778.135 Mobile Safari/537.36
samsung-sm-s926b	Samsung	Galaxy S24+	SM-S926B	2024	14	131.0.6778.135	UP1A.231005.007	8	8	Samsung	Xclipse 940	phone	Mozilla/5.0 (Linux; Android 14; SM-S926B Build/UP1A.231005.007) AppleWebKit/537.36 (KHTML, like Gecko) Chrome/131.0.6778.135 Mobile Safari/537.36
samsung-sm-s926n	Samsung	Galaxy S24+	SM-S926N	2024	14	131.0.6778.135	UP1A.231005.007	8	8	Samsung	Xclipse 940	phone	Mozilla/5.0 (Linux; Android 14; SM-S926N Build/UP1A.231005.007) AppleWebKit/537.36 (KHTML, like Gecko) Chrome/131.0.6778.135 Mobile Safari/537.36
samsung-sm-s926u	Samsung	Galaxy S24+	SM-S926U	2024	14	131.0.6778.135	UP1A.231005.007	8	8	Qualcomm	Adreno (TM) 750	phone	Mozilla/5.0 (Linux; Android 14; SM-S926U Build/UP1A.231005.007) AppleWebKit/537.36 (KHTML, like Gecko) Chrome/131.0.6778.135 Mobile Safari/537.36
samsung-sm-s926u1	Samsung	Galaxy S24+	SM-S926U1	2024	14	131.0.6778.135	UP1A.231005.007	8	8	Qualcomm	Adreno (TM) 750	phone	Mozilla/5.0 (Linux; Android 14; SM-S926U1 Build/UP1A.231005.007) AppleWebKit/537.36 (KHTML, like Gecko) Chrome/131.0.6778.135 Mobile Safari/537.36
samsung-sm-s926w	Samsung	Galaxy S24+	SM-S926W	2024	14	131.0.6778.135	UP1A.231005.007	8	8	Qualcomm	Adreno (TM) 750	phone	Mozilla/5.0 (Linux; Android 14; SM-S926W Build/UP1A.231005.007) AppleWebKit/537.36 (KHTML, like Gecko) Chrome/131.0.6778.135 Mobile Safari/537.36
samsung-sm-s9280	Samsung	Galaxy S24 Ultra	SM-S9280	2024	14	131.0.6778.135	UP1A.231005.007	8	8	Qualcomm	Adreno (TM) 750	phone	Mozilla/5.0 (Linux; Android 14; SM-S9280 Build/UP1A.231005.007) AppleWebKit/537.36 (KHTML, like Gecko) Chrome/131.0.6778.135 Mobile Safari/537.36
samsung-sm-s928b	Samsung	Galaxy S24 Ultra	SM-S928B	2024	14	131.0.6778.135	UP1A.231005.007	8	8	Qualcomm	Adreno (TM) 750	phone	Mozilla/5.0 (Linux; Android 14; SM-S928B Build/UP1A.231005.007) AppleWebKit/537.36 (KHTML, like Gecko) Chrome/131.0.6778.135 Mobile Safari/537.36
samsung-sm-s928n	Samsung	Galaxy S24 Ultra	SM-S928N	2024	14	131.0.6778.135	UP1A.231005.007	8	8	Qualcomm	Adreno (TM) 750	phone	Mozilla/5.0 (Linux; Android 14; SM-S928N Build/UP1A.231005.007) AppleWebKit/537.36 (KHTML, like Gecko) Chrome/131.0.6778.135 Mobile Safari/537.36
samsung-sm-s928q	Samsung	Galaxy S24 Ultra	SM-S928Q	2024	14	131.0.6778.135	UP1A.231005.007	8	8	Qualcomm	Adreno (TM) 750	phone	Mozilla/5.0 (Linux; Android 14; SM-S928Q Build/UP1A.231005.007) AppleWebKit/537.36 (KHTML, like Gecko) Chrome/131.0.6778.135 Mobile Safari/537.36
samsung-sm-s928u	Samsung	Galaxy S24 Ultra	SM-S928U	2024	14	131.0.6778.135	UP1A.231005.007	8	8	Qualcomm	Adreno (TM) 750	phone	Mozilla/5.0 (Linux; Android 14; SM-S928U Build/UP1A.231005.007) AppleWebKit/537.36 (KHTML, like Gecko) Chrome/131.0.6778.135 Mobile Safari/537.36
samsung-sm-s928u1	Samsung	Galaxy S24 Ultra	SM-S928U1	2024	14	131.0.6778.135	UP1A.231005.007	8	8	Qualcomm	Adreno (TM) 750	phone	Mozilla/5.0 (Linux; Android 14; SM-S928U1 Build/UP1A.231005.007) AppleWebKit/537.36 (KHTML, like Gecko) Chrome/131.0.6778.135 Mobile Safari/537.36
samsung-sm-s928w	Samsung	Galaxy S24 Ultra	SM-S928W	2024	14	131.0.6778.135	UP1A.231005.007	8	8	Qualcomm	Adreno (TM) 750	phone	Mozilla/5.0 (Linux; Android 14; SM-S928W Build/UP1A.231005.007) AppleWebKit/537.36 (KHTML, like Gecko) Chrome/131.0.6778.135 Mobile Safari/537.36
samsung-sm-s9310	Samsung	Galaxy S25	SM-S9310	2025	15	138.0.7204.157	AP3A.241105.007	8	8	Qualcomm	Adreno (TM) 830	phone	Mozilla/5.0 (Linux; Android 15; SM-S9310 Build/AP3A.241105.007) AppleWebKit/537.36 (KHTML, like Gecko) Chrome/138.0.7204.157 Mobile Safari/537.36
samsung-sm-s931b	Samsung	Galaxy S25	SM-S931B	2025	15	138.0.7204.157	AP3A.241105.007	8	8	Qualcomm	Adreno (TM) 830	phone	Mozilla/5.0 (Linux; Android 15; SM-S931B Build/AP3A.241105.007) AppleWebKit/537.36 (KHTML, like Gecko) Chrome/138.0.7204.157 Mobile Safari/537.36
samsung-sm-s931n	Samsung	Galaxy S25	SM-S931N	2025	15	138.0.7204.157	AP3A.241105.007	8	8	Qualcomm	Adreno (TM) 830	phone	Mozilla/5.0 (Linux; Android 15; SM-S931N Build/AP3A.241105.007) AppleWebKit/537.36 (KHTML, like Gecko) Chrome/138.0.7204.157 Mobile Safari/537.36
samsung-sm-s931q	Samsung	Galaxy S25	SM-S931Q	2025	15	138.0.7204.157	AP3A.241105.007	8	8	Qualcomm	Adreno (TM) 830	phone	Mozilla/5.0 (Linux; Android 15; SM-S931Q Build/AP3A.241105.007) AppleWebKit/537.36 (KHTML, like Gecko) Chrome/138.0.7204.157 Mobile Safari/537.36
samsung-sm-s931u	Samsung	Galaxy S25	SM-S931U	2025	15	138.0.7204.157	AP3A.241105.007	8	8	Qualcomm	Adreno (TM) 830	phone	Mozilla/5.0 (Linux; Android 15; SM-S931U Build/AP3A.241105.007) AppleWebKit/537.36 (KHTML, like Gecko) Chrome/138.0.7204.157 Mobile Safari/537.36
samsung-sm-s931u1	Samsung	Galaxy S25	SM-S931U1	2025	15	138.0.7204.157	AP3A.241105.007	8	8	Qualcomm	Adreno (TM) 830	phone	Mozilla/5.0 (Linux; Android 15; SM-S931U1 Build/AP3A.241105.007) AppleWebKit/537.36 (KHTML, like Gecko) Chrome/138.0.7204.157 Mobile Safari/537.36
samsung-sm-s931w	Samsung	Galaxy S25	SM-S931W	2025	15	138.0.7204.157	AP3A.241105.007	8	8	Qualcomm	Adreno (TM) 830	phone	Mozilla/5.0 (Linux; Android 15; SM-S931W Build/AP3A.241105.007) AppleWebKit/537.36 (KHTML, like Gecko) Chrome/138.0.7204.157 Mobile Safari/537.36
samsung-sm-s931z	Samsung	Galaxy S25	SM-S931Z	2025	15	138.0.7204.157	AP3A.241105.007	8	8	Qualcomm	Adreno (TM) 830	phone	Mozilla/5.0 (Linux; Android 15; SM-S931Z Build/AP3A.241105.007) AppleWebKit/537.36 (KHTML, like Gecko) Chrome/138.0.7204.157 Mobile Safari/537.36
samsung-sm-s9360	Samsung	Galaxy S25+	SM-S9360	2025	15	138.0.7204.157	AP3A.241105.007	8	8	Qualcomm	Adreno (TM) 830	phone	Mozilla/5.0 (Linux; Android 15; SM-S9360 Build/AP3A.241105.007) AppleWebKit/537.36 (KHTML, like Gecko) Chrome/138.0.7204.157 Mobile Safari/537.36
samsung-sm-s936b	Samsung	Galaxy S25+	SM-S936B	2025	15	138.0.7204.157	AP3A.241105.007	8	8	Qualcomm	Adreno (TM) 830	phone	Mozilla/5.0 (Linux; Android 15; SM-S936B Build/AP3A.241105.007) AppleWebKit/537.36 (KHTML, like Gecko) Chrome/138.0.7204.157 Mobile Safari/537.36
samsung-sm-s936n	Samsung	Galaxy S25+	SM-S936N	2025	15	138.0.7204.157	AP3A.241105.007	8	8	Qualcomm	Adreno (TM) 830	phone	Mozilla/5.0 (Linux; Android 15; SM-S936N Build/AP3A.241105.007) AppleWebKit/537.36 (KHTML, like Gecko) Chrome/138.0.7204.157 Mobile Safari/537.36
samsung-sm-s936u	Samsung	Galaxy S25+	SM-S936U	2025	15	138.0.7204.157	AP3A.241105.007	8	8	Qualcomm	Adreno (TM) 830	phone	Mozilla/5.0 (Linux; Android 15; SM-S936U Build/AP3A.241105.007) AppleWebKit/537.36 (KHTML, like Gecko) Chrome/138.0.7204.157 Mobile Safari/537.36
samsung-sm-s936u1	Samsung	Galaxy S25+	SM-S936U1	2025	15	138.0.7204.157	AP3A.241105.007	8	8	Qualcomm	Adreno (TM) 830	phone	Mozilla/5.0 (Linux; Android 15; SM-S936U1 Build/AP3A.241105.007) AppleWebKit/537.36 (KHTML, like Gecko) Chrome/138.0.7204.157 Mobile Safari/537.36
samsung-sm-s936w	Samsung	Galaxy S25+	SM-S936W	2025	15	138.0.7204.157	AP3A.241105.007	8	8	Qualcomm	Adreno (TM) 830	phone	Mozilla/5.0 (Linux; Android 15; SM-S936W Build/AP3A.241105.007) AppleWebKit/537.36 (KHTML, like Gecko) Chrome/138.0.7204.157 Mobile Safari/537.36
samsung-sm-s9380	Samsung	Galaxy S25 Ultra	SM-S9380	2025	15	138.0.7204.157	AP3A.241105.007	8	8	Qualcomm	Adreno (TM) 830	phone	Mozilla/5.0 (Linux; Android 15; SM-S9380 Build/AP3A.241105.007) AppleWebKit/537.36 (KHTML, like Gecko) Chrome/138.0.7204.157 Mobile Safari/537.36
samsung-sm-s938b	Samsung	Galaxy S25 Ultra	SM-S938B	2025	15	138.0.7204.157	AP3A.241105.007	8	8	Qualcomm	Adreno (TM) 830	phone	Mozilla/5.0 (Linux; Android 15; SM-S938B Build/AP3A.241105.007) AppleWebKit/537.36 (KHTML, like Gecko) Chrome/138.0.7204.157 Mobile Safari/537.36
samsung-sm-s938n	Samsung	Galaxy S25 Ultra	SM-S938N	2025	15	138.0.7204.157	AP3A.241105.007	8	8	Qualcomm	Adreno (TM) 830	phone	Mozilla/5.0 (Linux; Android 15; SM-S938N Build/AP3A.241105.007) AppleWebKit/537.36 (KHTML, like Gecko) Chrome/138.0.7204.157 Mobile Safari/537.36
samsung-sm-s938q	Samsung	Galaxy S25 Ultra	SM-S938Q	2025	15	138.0.7204.157	AP3A.241105.007	8	8	Qualcomm	Adreno (TM) 830	phone	Mozilla/5.0 (Linux; Android 15; SM-S938Q Build/AP3A.241105.007) AppleWebKit/537.36 (KHTML, like Gecko) Chrome/138.0.7204.157 Mobile Safari/537.36
samsung-sm-s938u	Samsung	Galaxy S25 Ultra	SM-S938U	2025	15	138.0.7204.157	AP3A.241105.007	8	8	Qualcomm	Adreno (TM) 830	phone	Mozilla/5.0 (Linux; Android 15; SM-S938U Build/AP3A.241105.007) AppleWebKit/537.36 (KHTML, like Gecko) Chrome/138.0.7204.157 Mobile Safari/537.36
samsung-sm-s938u1	Samsung	Galaxy S25 Ultra	SM-S938U1	2025	15	138.0.7204.157	AP3A.241105.007	8	8	Qualcomm	Adreno (TM) 830	phone	Mozilla/5.0 (Linux; Android 15; SM-S938U1 Build/AP3A.241105.007) AppleWebKit/537.36 (KHTML, like Gecko) Chrome/138.0.7204.157 Mobile Safari/537.36
samsung-sm-s938w	Samsung	Galaxy S25 Ultra	SM-S938W	2025	15	138.0.7204.157	AP3A.241105.007	8	8	Qualcomm	Adreno (TM) 830	phone	Mozilla/5.0 (Linux; Android 15; SM-S938W Build/AP3A.241105.007) AppleWebKit/537.36 (KHTML, like Gecko) Chrome/138.0.7204.157 Mobile Safari/537.36
samsung-sm-s938z	Samsung	Galaxy S25 Ultra	SM-S938Z	2025	15	138.0.7204.157	AP3A.241105.007	8	8	Qualcomm	Adreno (TM) 830	phone	Mozilla/5.0 (Linux; Android 15; SM-S938Z Build/AP3A.241105.007) AppleWebKit/537.36 (KHTML, like Gecko) Chrome/138.0.7204.157 Mobile Safari/537.36
samsung-sm-x700	Samsung	Galaxy Tab S8	SM-X700	2022	12	108.0.5359.128	SP1A.210812.016	4	6	Qualcomm	Adreno (TM) 730	tablet	Mozilla/5.0 (Linux; Android 12; SM-X700 Build/SP1A.210812.016) AppleWebKit/537.36 (KHTML, like Gecko) Chrome/108.0.5359.128 Safari/537.36
samsung-sm-x710	Samsung	Galaxy Tab S9	SM-X710	2023	13	120.0.6099.144	TP1A.220624.014	8	8	Qualcomm	Adreno (TM) 740	tablet	Mozilla/5.0 (Linux; Android 13; SM-X710 Build/TP1A.220624.014) AppleWebKit/537.36 (KHTML, like Gecko) Chrome/120.0.6099.144 Safari/537.36
samsung-sm-x800	Samsung	Galaxy Tab S8+	SM-X800	2022	12	108.0.5359.128	SP1A.210812.016	4	6	Qualcomm	Adreno (TM) 730	tablet	Mozilla/5.0 (Linux; Android 12; SM-X800 Build/SP1A.210812.016) AppleWebKit/537.36 (KHTML, like Gecko) Chrome/108.0.5359.128 Safari/537.36
samsung-sm-x810	Samsung	Galaxy Tab S9+	SM-X810	2023	13	120.0.6099.144	TP1A.220624.014	8	8	Qualcomm	Adreno (TM) 740	tablet	Mozilla/5.0 (Linux; Android 13; SM-X810 Build/TP1A.220624.014) AppleWebKit/537.36 (KHTML, like Gecko) Chrome/120.0.6099.144 Safari/537.36
samsung-sm-x820	Samsung	Galaxy Tab S10+	SM-X820	2024	14	131.0.6778.135	UP1A.231005.007	8	8	ARM	Mali-G720-Immortalis MC12	tablet	Mozilla/5.0 (Linux; Android 14; SM-X820 Build/UP1A.231005.007) AppleWebKit/537.36 (KHTML, like Gecko) Chrome/131.0.6778.135 Safari/537.36
samsung-sm-x900	Samsung	Galaxy Tab S8 Ultra	SM-X900	2022	12	108.0.5359.128	SP1A.210812.016	4	6	Qualcomm	Adreno (TM) 730	tablet	Mozilla/5.0 (Linux; Android 12; SM-X900 Build/SP1A.210812.016) AppleWebKit/537.36 (KHTML, like Gecko) Chrome/108.0.5359.128 Safari/537.36
samsung-sm-x910	Samsung	Galaxy Tab S9 Ultra	SM-X910	2023	13	120.0.6099.144	TP1A.220624.014	8	8	Qualcomm	Adreno (TM) 740	tablet	Mozilla/5.0 (Linux; Android 13; SM-X910 Build/TP1A.220624.014) AppleWebKit/537.36 (KHTML, like Gecko) Chrome/120.0.6099.144 Safari/537.36
samsung-sm-x920	Samsung	Galaxy Tab S10 Ultra	SM-X920	2024	14	131.0.6778.135	UP1A.231005.007	8	8	ARM	Mali-G720-Immortalis MC12	tablet	Mozilla/5.0 (Linux; Android 14; SM-X920 Build/UP1A.231005.007) AppleWebKit/537.36 (KHTML, like Gecko) Chrome/131.0.6778.135 Safari/537.36
sony-a201so	Sony	Xperia 1 IV	A201SO	2022	12	108.0.5359.128	SP1A.210812.016	4	6	Qualcomm	Adreno (TM) 730	phone	Mozilla/5.0 (Linux; Android 12; A201SO Build/SP1A.210812.016) AppleWebKit/537.36 (KHTML, like Gecko) Chrome/108.0.5359.128 Mobile Safari/537.36
sony-a202so	Sony	Xperia 10 IV	A202SO	2022	12	108.0.5359.128	SP1A.210812.016	4	6	Qualcomm	Adreno (TM) 619	phone	Mozilla/5.0 (Linux; Android 12; A202SO Build/SP1A.210812.016) AppleWebKit/537.36 (KHTML, like Gecko) Chrome/108.0.5359.128 Mobile Safari/537.36
sony-a204so	Sony	Xperia 5 IV	A204SO	2022	12	108.0.5359.128	SP1A.210812.016	4	6	Qualcomm	Adreno (TM) 730	phone	Mozilla/5.0 (Linux; Android 12; A204SO Build/SP1A.210812.016) AppleWebKit/537.36 (KHTML, like Gecko) Chrome/108.0.5359.128 Mobile Safari/537.36
sony-a301so	Sony	Xperia 1 V	A301SO	2023	13	120.0.6099.144	TP1A.220624.014	8	8	Qualcomm	Adreno (TM) 740	phone	Mozilla/5.0 (Linux; Android 13; A301SO Build/TP1A.220624.014) AppleWebKit/537.36 (KHTML, like Gecko) Chrome/120.0.6099.144 Mobile Safari/537.36
sony-a302so	Sony	Xperia 10 V	A302SO	2023	13	120.0.6099.144	TP1A.220624.014	8	8	Qualcomm	Adreno (TM) 619	phone	Mozilla/5.0 (Linux; Android 13; A302SO Build/TP1A.220624.014) AppleWebKit/537.36 (KHTML, like Gecko) Chrome/120.0.6099.144 Mobile Safari/537.36
sony-a401so	Sony	Xperia 1 VI	A401SO	2024	14	131.0.6778.135	UP1A.231005.007	8	8	Qualcomm	Adreno (TM) 750	phone	Mozilla/5.0 (Linux; Android 14; A401SO Build/UP1A.231005.007) AppleWebKit/537.36 (KHTML, like Gecko) Chrome/131.0.6778.135 Mobile Safari/537.36
sony-a402so	Sony	Xperia 10 VI	A402SO	2024	14	131.0.6778.135	UP1A.231005.007	8	8	Qualcomm	Adreno (TM) 710	phone	Mozilla/5.0 (Linux; Android 14; A402SO Build/UP1A.231005.007) AppleWebKit/537.36 (KHTML, like Gecko) Chrome/131.0.6778.135 Mobile Safari/537.36
sony-a501so	Sony	Xperia 1 VII	A501SO	2025	15	138.0.7204.157	AP3A.241105.007	8	8	Qualcomm	Adreno (TM) 830	phone	Mozilla/5.0 (Linux; Android 15; A501SO Build/AP3A.241105.007) AppleWebKit/537.36 (KHTML, like Gecko) Chrome/138.0.7204.157 Mobile Safari/537.36
sony-a502so	Sony	Xperia 10 VII	A502SO	2025	15	138.0.7204.157	AP3A.241105.007	8	8	Qualcomm	Adreno (TM) 710	phone	Mozilla/5.0 (Linux; Android 15; A502SO Build/AP3A.241105.007) AppleWebKit/537.36 (KHTML, like Gecko) Chrome/138.0.7204.157 Mobile Safari/537.36
sony-so-51c	Sony	Xperia 1 IV	SO-51C	2022	12	108.0.5359.128	SP1A.210812.016	4	6	Qualcomm	Adreno (TM) 730	phone	Mozilla/5.0 (Linux; Android 12; SO-51C Build/SP1A.210812.016) AppleWebKit/537.36 (KHTML, like Gecko) Chrome/108.0.5359.128 Mobile Safari/537.36
sony-so-51d	Sony	Xperia 1 V	SO-51D	2023	13	120.0.6099.144	TP1A.220624.014	8	8	Qualcomm	Adreno (TM) 740	phone	Mozilla/5.0 (Linux; Android 13; SO-51D Build/TP1A.220624.014) AppleWebKit/537.36 (KHTML, like Gecko) Chrome/120.0.6099.144 Mobile Safari/537.36
sony-so-51e	Sony	Xperia 1 VI	SO-51E	2024	14	131.0.6778.135	UP1A.231005.007	8	8	Qualcomm	Adreno (TM) 750	phone	Mozilla/5.0 (Linux; Android 14; SO-51E Build/UP1A.231005.007) AppleWebKit/537.36 (KHTML, like Gecko) Chrome/131.0.6778.135 Mobile Safari/537.36
sony-so-51f	Sony	Xperia 1 VII	SO-51F	2025	15	138.0.7204.157	AP3A.241105.007	8	8	Qualcomm	Adreno (TM) 830	phone	Mozilla/5.0 (Linux; Android 15; SO-51F Build/AP3A.241105.007) AppleWebKit/537.36 (KHTML, like Gecko) Chrome/138.0.7204.157 Mobile Safari/537.36
sony-so-52c	Sony	Xperia 10 IV	SO-52C	2022	12	108.0.5359.128	SP1A.210812.016	4	6	Qualcomm	Adreno (TM) 619	phone	Mozilla/5.0 (Linux; Android 12; SO-52C Build/SP1A.210812.016) AppleWebKit/537.36 (KHTML, like Gecko) Chrome/108.0.5359.128 Mobile Safari/537.36
sony-so-52d	Sony	Xperia 10 V	SO-52D	2023	13	120.0.6099.144	TP1A.220624.014	8	8	Qualcomm	Adreno (TM) 619	phone	Mozilla/5.0 (Linux; Android 13; SO-52D Build/TP1A.220624.014) AppleWebKit/537.36 (KHTML, like Gecko) Chrome/120.0.6099.144 Mobile Safari/537.36
sony-so-52e	Sony	Xperia 10 VI	SO-52E	2024	14	131.0.6778.135	UP1A.231005.007	8	8	Qualcomm	Adreno (TM) 710	phone	Mozilla/5.0 (Linux; Android 14; SO-52E Build/UP1A.231005.007) AppleWebKit/537.36 (KHTML, like Gecko) Chrome/131.0.6778.135 Mobile Safari/537.36
sony-so-52f	Sony	Xperia 10 VII	SO-52F	2025	15	138.0.7204.157	AP3A.241105.007	8	8	Qualcomm	Adreno (TM) 710	phone	Mozilla/5.0 (Linux; Android 15; SO-52F Build/AP3A.241105.007) AppleWebKit/537.36 (KHTML, like Gecko) Chrome/138.0.7204.157 Mobile Safari/537.36
sony-so-53d	Sony	Xperia 5 V	SO-53D	2023	13	120.0.6099.144	TP1A.220624.014	8	8	Qualcomm	Adreno (TM) 740	phone	Mozilla/5.0 (Linux; Android 13; SO-53D Build/TP1A.220624.014) AppleWebKit/537.36 (KHTML, like Gecko) Chrome/120.0.6099.144 Mobile Safari/537.36
sony-so-54c	Sony	Xperia 5 IV	SO-54C	2022	12	108.0.5359.128	SP1A.210812.016	4	6	Qualcomm	Adreno (TM) 730	phone	Mozilla/5.0 (Linux; Android 12; SO-54C Build/SP1A.210812.016) AppleWebKit/537.36 (KHTML, like Gecko) Chrome/108.0.5359.128 Mobile Safari/537.36
sony-sog06	Sony	Xperia 1 IV	SOG06	2022	12	108.0.5359.128	SP1A.210812.016	4	6	Qualcomm	Adreno (TM) 730	phone	Mozilla/5.0 (Linux; Android 12; SOG06 Build/SP1A.210812.016) AppleWebKit/537.36 (KHTML, like Gecko) Chrome/108.0.5359.128 Mobile Safari/537.36
sony-sog07	Sony	Xperia 10 IV	SOG07	2022	12	108.0.5359.128	SP1A.210812.016	4	6	Qualcomm	Adreno (TM) 619	phone	Mozilla/5.0 (Linux; Android 12; SOG07 Build/SP1A.210812.016) AppleWebKit/537.36 (KHTML, like Gecko) Chrome/108.0.5359.128 Mobile Safari/537.36
sony-sog09	Sony	Xperia 5 IV	SOG09	2022	12	108.0.5359.128	SP1A.210812.016	4	6	Qualcomm	Adreno (TM) 730	phone	Mozilla/5.0 (Linux; Android 12; SOG09 Build/SP1A.210812.016) AppleWebKit/537.36 (KHTML, like Gecko) Chrome/108.0.5359.128 Mobile Safari/537.36
sony-sog10	Sony	Xperia 1 V	SOG10	2023	13	120.0.6099.144	TP1A.220624.014	8	8	Qualcomm	Adreno (TM) 740	phone	Mozilla/5.0 (Linux; Android 13; SOG10 Build/TP1A.220624.014) AppleWebKit/537.36 (KHTML, like Gecko) Chrome/120.0.6099.144 Mobile Safari/537.36
sony-sog11	Sony	Xperia 10 V	SOG11	2023	13	120.0.6099.144	TP1A.220624.014	8	8	Qualcomm	Adreno (TM) 619	phone	Mozilla/5.0 (Linux; Android 13; SOG11 Build/TP1A.220624.014) AppleWebKit/537.36 (KHTML, like Gecko) Chrome/120.0.6099.144 Mobile Safari/537.36
sony-sog12	Sony	Xperia 5 V	SOG12	2023	13	120.0.6099.144	TP1A.220624.014	8	8	Qualcomm	Adreno (TM) 740	phone	Mozilla/5.0 (Linux; Android 13; SOG12 Build/TP1A.220624.014) AppleWebKit/537.36 (KHTML, like Gecko) Chrome/120.0.6099.144 Mobile Safari/537.36
sony-sog13	Sony	Xperia 1 VI	SOG13	2024	14	131.0.6778.135	UP1A.231005.007	8	8	Qualcomm	Adreno (TM) 750	phone	Mozilla/5.0 (Linux; Android 14; SOG13 Build/UP1A.231005.007) AppleWebKit/537.36 (KHTML, like Gecko) Chrome/131.0.6778.135 Mobile Safari/537.36
sony-sog14	Sony	Xperia 10 VI	SOG14	2024	14	131.0.6778.135	UP1A.231005.007	8	8	Qualcomm	Adreno (TM) 710	phone	Mozilla/5.0 (Linux; Android 14; SOG14 Build/UP1A.231005.007) AppleWebKit/537.36 (KHTML, like Gecko) Chrome/131.0.6778.135 Mobile Safari/537.36
sony-sog15	Sony	Xperia 1 VII	SOG15	2025	15	138.0.7204.157	AP3A.241105.007	8	8	Qualcomm	Adreno (TM) 830	phone	Mozilla/5.0 (Linux; Android 15; SOG15 Build/AP3A.241105.007) AppleWebKit/537.36 (KHTML, like Gecko) Chrome/138.0.7204.157 Mobile Safari/537.36
sony-sog16	Sony	Xperia 10 VII	SOG16	2025	15	138.0.7204.157	AP3A.241105.007	8	8	Qualcomm	Adreno (TM) 710	phone	Mozilla/5.0 (Linux; Android 15; SOG16 Build/AP3A.241105.007) AppleWebKit/537.36 (KHTML, like Gecko) Chrome/138.0.7204.157 Mobile Safari/537.36
sony-xq-cc44	Sony	Xperia 10 IV	XQ-CC44	2022	12	108.0.5359.128	SP1A.210812.016	4	6	Qualcomm	Adreno (TM) 619	phone	Mozilla/5.0 (Linux; Android 12; XQ-CC44 Build/SP1A.210812.016) AppleWebKit/537.36 (KHTML, like Gecko) Chrome/108.0.5359.128 Mobile Safari/537.36
sony-xq-cc54	Sony	Xperia 10 IV	XQ-CC54	2022	12	108.0.5359.128	SP1A.210812.016	4	6	Qualcomm	Adreno (TM) 619	phone	Mozilla/5.0 (Linux; Android 12; XQ-CC54 Build/SP1A.210812.016) AppleWebKit/537.36 (KHTML, like Gecko) Chrome/108.0.5359.128 Mobile Safari/537.36
sony-xq-cc72	Sony	Xperia 10 IV	XQ-CC72	2022	12	108.0.5359.128	SP1A.210812.016	4	6	Qualcomm	Adreno (TM) 619	phone	Mozilla/5.0 (Linux; Android 12; XQ-CC72 Build/SP1A.210812.016) AppleWebKit/537.36 (KHTML, like Gecko) Chrome/108.0.5359.128 Mobile Safari/537.36
sony-xq-cq44	Sony	Xperia 5 IV	XQ-CQ44	2022	12	108.0.5359.128	SP1A.210812.016	4	6	Qualcomm	Adreno (TM) 730	phone	Mozilla/5.0 (Linux; Android 12; XQ-CQ44 Build/SP1A.210812.016) AppleWebKit/537.36 (KHTML, like Gecko) Chrome/108.0.5359.128 Mobile Safari/537.36
sony-xq-cq54	Sony	Xperia 5 IV	XQ-CQ54	2022	12	108.0.5359.128	SP1A.210812.016	4	6	Qualcomm	Adreno (TM) 730	phone	Mozilla/5.0 (Linux; Android 12; XQ-CQ54 Build/SP1A.210812.016) AppleWebKit/537.36 (KHTML, like Gecko) Chrome/108.0.5359.128 Mobile Safari/537.36
sony-xq-cq62	Sony	Xperia 5 IV	XQ-CQ62	2022	12	108.0.5359.128	SP1A.210812.016	4	6	Qualcomm	Adreno (TM) 730	phone	Mozilla/5.0 (Linux; Android 12; XQ-CQ62 Build/SP1A.210812.016) AppleWebKit/537.36 (KHTML, like Gecko) Chrome/108.0.5359.128 Mobile Safari/537.36
sony-xq-cq72	Sony	Xperia 5 IV	XQ-CQ72	2022	12	108.0.5359.128	SP1A.210812.016	4	6	Qualcomm	Adreno (TM) 730	phone	Mozilla/5.0 (Linux; Android 12; XQ-CQ72 Build/SP1A.210812.016) AppleWebKit/537.36 (KHTML, like Gecko) Chrome/108.0.5359.128 Mobile Safari/537.36
sony-xq-ct44	Sony	Xperia 1 IV	XQ-CT44	2022	12	108.0.5359.128	SP1A.210812.016	4	6	Qualcomm	Adreno (TM) 730	phone	Mozilla/5.0 (Linux; Android 12; XQ-CT44 Build/SP1A.210812.016) AppleWebKit/537.36 (KHTML, like Gecko) Chrome/108.0.5359.128 Mobile Safari/537.36
sony-xq-ct54	Sony	Xperia 1 IV	XQ-CT54	2022	12	108.0.5359.128	SP1A.210812.016	4	6	Qualcomm	Adreno (TM) 730	phone	Mozilla/5.0 (Linux; Android 12; XQ-CT54 Build/SP1A.210812.016) AppleWebKit/537.36 (KHTML, like Gecko) Chrome/108.0.5359.128 Mobile Safari/537.36
sony-xq-ct62	Sony	Xperia 1 IV	XQ-CT62	2022	12	108.0.5359.128	SP1A.210812.016	4	6	Qualcomm	Adreno (TM) 730	phone	Mozilla/5.0 (Linux; Android 12; XQ-CT62 Build/SP1A.210812.016) AppleWebKit/537.36 (KHTML, like Gecko) Chrome/108.0.5359.128 Mobile Safari/537.36
sony-xq-ct72	Sony	Xperia 1 IV	XQ-CT72	2022	12	108.0.5359.128	SP1A.210812.016	4	6	Qualcomm	Adreno (TM) 730	phone	Mozilla/5.0 (Linux; Android 12; XQ-CT72 Build/SP1A.210812.016) AppleWebKit/537.36 (KHTML, like Gecko) Chrome/108.0.5359.128 Mobile Safari/537.36
sony-xq-dc44	Sony	Xperia 10 V	XQ-DC44	2023	13	120.0.6099.144	TP1A.220624.014	8	8	Qualcomm	Adreno (TM) 619	phone	Mozilla/5.0 (Linux; Android 13; XQ-DC44 Build/TP1A.220624.014) AppleWebKit/537.36 (KHTML, like Gecko) Chrome/120.0.6099.144 Mobile Safari/537.36
sony-xq-dc54	Sony	Xperia 10 V	XQ-DC54	2023	13	120.0.6099.144	TP1A.220624.014	8	8	Qualcomm	Adreno (TM) 619	phone	Mozilla/5.0 (Linux; Android 13; XQ-DC54 Build/TP1A.220624.014) AppleWebKit/537.36 (KHTML, like Gecko) Chrome/120.0.6099.144 Mobile Safari/537.36
sony-xq-dc72	Sony	Xperia 10 V	XQ-DC72	2023	13	120.0.6099.144	TP1A.220624.014	8	8	Qualcomm	Adreno (TM) 619	phone	Mozilla/5.0 (Linux; Android 13; XQ-DC72 Build/TP1A.220624.014) AppleWebKit/537.36 (KHTML, like Gecko) Chrome/120.0.6099.144 Mobile Safari/537.36
sony-xq-de44	Sony	Xperia 5 V	XQ-DE44	2023	13	120.0.6099.144	TP1A.220624.014	8	8	Qualcomm	Adreno (TM) 740	phone	Mozilla/5.0 (Linux; Android 13; XQ-DE44 Build/TP1A.220624.014) AppleWebKit/537.36 (KHTML, like Gecko) Chrome/120.0.6099.144 Mobile Safari/537.36
sony-xq-de54	Sony	Xperia 5 V	XQ-DE54	2023	13	120.0.6099.144	TP1A.220624.014	8	8	Qualcomm	Adreno (TM) 740	phone	Mozilla/5.0 (Linux; Android 13; XQ-DE54 Build/TP1A.220624.014) AppleWebKit/537.36 (KHTML, like Gecko) Chrome/120.0.6099.144 Mobile Safari/537.36
sony-xq-de72	Sony	Xperia 5 V	XQ-DE72	2023	13	120.0.6099.144	TP1A.220624.014	8	8	Qualcomm	Adreno (TM) 740	phone	Mozilla/5.0 (Linux; Android 13; XQ-DE72 Build/TP1A.220624.014) AppleWebKit/537.36 (KHTML, like Gecko) Chrome/120.0.6099.144 Mobile Safari/537.36
sony-xq-dq44	Sony	Xperia 1 V	XQ-DQ44	2023	13	120.0.6099.144	TP1A.220624.014	8	8	Qualcomm	Adreno (TM) 740	phone	Mozilla/5.0 (Linux; Android 13; XQ-DQ44 Build/TP1A.220624.014) AppleWebKit/537.36 (KHTML, like Gecko) Chrome/120.0.6099.144 Mobile Safari/537.36
sony-xq-dq54	Sony	Xperia 1 V	XQ-DQ54	2023	13	120.0.6099.144	TP1A.220624.014	8	8	Qualcomm	Adreno (TM) 740	phone	Mozilla/5.0 (Linux; Android 13; XQ-DQ54 Build/TP1A.220624.014) AppleWebKit/537.36 (KHTML, like Gecko) Chrome/120.0.6099.144 Mobile Safari/537.36
sony-xq-dq62	Sony	Xperia 1 V	XQ-DQ62	2023	13	120.0.6099.144	TP1A.220624.014	8	8	Qualcomm	Adreno (TM) 740	phone	Mozilla/5.0 (Linux; Android 13; XQ-DQ62 Build/TP1A.220624.014) AppleWebKit/537.36 (KHTML, like Gecko) Chrome/120.0.6099.144 Mobile Safari/537.36
sony-xq-dq72	Sony	Xperia 1 V	XQ-DQ72	2023	13	120.0.6099.144	TP1A.220624.014	8	8	Qualcomm	Adreno (TM) 740	phone	Mozilla/5.0 (Linux; Android 13; XQ-DQ72 Build/TP1A.220624.014) AppleWebKit/537.36 (KHTML, like Gecko) Chrome/120.0.6099.144 Mobile Safari/537.36
sony-xq-ec44	Sony	Xperia 1 VI	XQ-EC44	2024	14	131.0.6778.135	UP1A.231005.007	8	8	Qualcomm	Adreno (TM) 750	phone	Mozilla/5.0 (Linux; Android 14; XQ-EC44 Build/UP1A.231005.007) AppleWebKit/537.36 (KHTML, like Gecko) Chrome/131.0.6778.135 Mobile Safari/537.36
sony-xq-ec54	Sony	Xperia 1 VI	XQ-EC54	2024	14	131.0.6778.135	UP1A.231005.007	8	8	Qualcomm	Adreno (TM) 750	phone	Mozilla/5.0 (Linux; Android 14; XQ-EC54 Build/UP1A.231005.007) AppleWebKit/537.36 (KHTML, like Gecko) Chrome/131.0.6778.135 Mobile Safari/537.36
sony-xq-ec72	Sony	Xperia 1 VI	XQ-EC72	2024	14	131.0.6778.135	UP1A.231005.007	8	8	Qualcomm	Adreno (TM) 750	phone	Mozilla/5.0 (Linux; Android 14; XQ-EC72 Build/UP1A.231005.007) AppleWebKit/537.36 (KHTML, like Gecko) Chrome/131.0.6778.135 Mobile Safari/537.36
sony-xq-es44	Sony	Xperia 10 VI	XQ-ES44	2024	14	131.0.6778.135	UP1A.231005.007	8	8	Qualcomm	Adreno (TM) 710	phone	Mozilla/5.0 (Linux; Android 14; XQ-ES44 Build/UP1A.231005.007) AppleWebKit/537.36 (KHTML, like Gecko) Chrome/131.0.6778.135 Mobile Safari/537.36
sony-xq-es54	Sony	Xperia 10 VI	XQ-ES54	2024	14	131.0.6778.135	UP1A.231005.007	8	8	Qualcomm	Adreno (TM) 710	phone	Mozilla/5.0 (Linux; Android 14; XQ-ES54 Build/UP1A.231005.007) AppleWebKit/537.36 (KHTML, like Gecko) Chrome/131.0.6778.135 Mobile Safari/537.36
sony-xq-es72	Sony	Xperia 10 VI	XQ-ES72	2024	14	131.0.6778.135	UP1A.231005.007	8	8	Qualcomm	Adreno (TM) 710	phone	Mozilla/5.0 (Linux; Android 14; XQ-ES72 Build/UP1A.231005.007) AppleWebKit/537.36 (KHTML, like Gecko) Chrome/131.0.6778.135 Mobile Safari/537.36
sony-xq-fe44	Sony	Xperia 10 VII	XQ-FE44	2025	15	138.0.7204.157	AP3A.241105.007	8	8	Qualcomm	Adreno (TM) 710	phone	Mozilla/5.0 (Linux; Android 15; XQ-FE44 Build/AP3A.241105.007) AppleWebKit/537.36 (KHTML, like Gecko) Chrome/138.0.7204.157 Mobile Safari/537.36
sony-xq-fe54	Sony	Xperia 10 VII	XQ-FE54	2025	15	138.0.7204.157	AP3A.241105.007	8	8	Qualcomm	Adreno (TM) 710	phone	Mozilla/5.0 (Linux; Android 15; XQ-FE54 Build/AP3A.241105.007) AppleWebKit/537.36 (KHTML, like Gecko) Chrome/138.0.7204.157 Mobile Safari/537.36
sony-xq-fe72	Sony	Xperia 10 VII	XQ-FE72	2025	15	138.0.7204.157	AP3A.241105.007	8	8	Qualcomm	Adreno (TM) 710	phone	Mozilla/5.0 (Linux; Android 15; XQ-FE72 Build/AP3A.241105.007) AppleWebKit/537.36 (KHTML, like Gecko) Chrome/138.0.7204.157 Mobile Safari/537.36
sony-xq-fs44	Sony	Xperia 1 VII	XQ-FS44	2025	15	138.0.7204.157	AP3A.241105.007	8	8	Qualcomm	Adreno (TM) 830	phone	Mozilla/5.0 (Linux; Android 15; XQ-FS44 Build/AP3A.241105.007) AppleWebKit/537.36 (KHTML, like Gecko) Chrome/138.0.7204.157 Mobile Safari/537.36
sony-xq-fs54	Sony	Xperia 1 VII	XQ-FS54	2025	15	138.0.7204.157	AP3A.241105.007	8	8	Qualcomm	Adreno (TM) 830	phone	Mozilla/5.0 (Linux; Android 15; XQ-FS54 Build/AP3A.241105.007) AppleWebKit/537.36 (KHTML, like Gecko) Chrome/138.0.7204.157 Mobile Safari/537.36
sony-xq-fs72	Sony	Xperia 1 VII	XQ-FS72	2025	15	138.0.7204.157	AP3A.241105.007	8	8	Qualcomm	Adreno (TM) 830	phone	Mozilla/5.0 (Linux; Android 15; XQ-FS72 Build/AP3A.241105.007) AppleWebKit/537.36 (KHTML, like Gecko) Chrome/138.0.7204.157 Mobile Safari/537.36
tcl-6165a	TCL	TCL 30 SE	6165A	2022	12	108.0.5359.128	SP1A.210812.016	4	6	Imagination Technologies	PowerVR Rogue GE8320	phone	Mozilla/5.0 (Linux; Android 12; 6165A Build/SP1A.210812.016) AppleWebKit/537.36 (KHTML, like Gecko) Chrome/108.0.5359.128 Mobile Safari/537.36
tcl-6165h	TCL	TCL 30 SE	6165H	2022	12	108.0.5359.128	SP1A.210812.016	4	6	Imagination Technologies	PowerVR Rogue GE8320	phone	Mozilla/5.0 (Linux; Android 12; 6165H Build/SP1A.210812.016) AppleWebKit/537.36 (KHTML, like Gecko) Chrome/108.0.5359.128 Mobile Safari/537.36
tcl-6165h-eea	TCL	TCL 30 SE	6165H_EEA	2022	12	108.0.5359.128	SP1A.210812.016	4	6	Imagination Technologies	PowerVR Rogue GE8320	phone	Mozilla/5.0 (Linux; Android 12; 6165H_EEA Build/SP1A.210812.016) AppleWebKit/537.36 (KHTML, like Gecko) Chrome/108.0.5359.128 Mobile Safari/537.36
tcl-6165s	TCL	TCL 30 SE	6165S	2022	12	108.0.5359.128	SP1A.210812.016	4	6	Imagination Technologies	PowerVR Rogue GE8320	phone	Mozilla/5.0 (Linux; Android 12; 6165S Build/SP1A.210812.016) AppleWebKit/537.36 (KHTML, like Gecko) Chrome/108.0.5359.128 Mobile Safari/537.36
tcl-9080g	TCL	TAB 10s 4G 2022	9080G	2022	12	108.0.5359.128	SP1A.210812.016	4	6	Imagination Technologies	PowerVR Rogue GE8320	tablet	Mozilla/5.0 (Linux; Android 12; 9080G Build/SP1A.210812.016) AppleWebKit/537.36 (KHTML, like Gecko) Chrome/108.0.5359.128 Safari/537.36
tcl-9081x	TCL	TAB 10s 2022	9081X	2022	12	108.0.5359.128	SP1A.210812.016	4	6	Imagination Technologies	PowerVR Rogue GE8320	tablet	Mozilla/5.0 (Linux; Android 12; 9081X Build/SP1A.210812.016) AppleWebKit/537.36 (KHTML, like Gecko) Chrome/108.0.5359.128 Safari/537.36
tcl-t431a	TCL	TCL 403	T431A	2022	12	108.0.5359.128	SP1A.210812.016	4	6	Imagination Technologies	PowerVR Rogue GE8320	phone	Mozilla/5.0 (Linux; Android 12; T431A Build/SP1A.210812.016) AppleWebKit/537.36 (KHTML, like Gecko) Chrome/108.0.5359.128 Mobile Safari/537.36
tcl-t431d	TCL	TCL 403	T431D	2022	12	108.0.5359.128	SP1A.210812.016	4	6	Imagination Technologies	PowerVR Rogue GE8320	phone	Mozilla/5.0 (Linux; Android 12; T431D Build/SP1A.210812.016) AppleWebKit/537.36 (KHTML, like Gecko) Chrome/108.0.5359.128 Mobile Safari/537.36
tcl-t431e	TCL	TCL 403	T431E	2022	12	108.0.5359.128	SP1A.210812.016	4	6	Imagination Technologies	PowerVR Rogue GE8320	phone	Mozilla/5.0 (Linux; Android 12; T431E Build/SP1A.210812.016) AppleWebKit/537.36 (KHTML, like Gecko) Chrome/108.0.5359.128 Mobile Safari/537.36
tcl-t431p	TCL	TCL 403	T431P	2022	12	108.0.5359.128	SP1A.210812.016	4	6	Imagination Technologies	PowerVR Rogue GE8320	phone	Mozilla/5.0 (Linux; Android 12; T431P Build/SP1A.210812.016) AppleWebKit/537.36 (KHTML, like Gecko) Chrome/108.0.5359.128 Mobile Safari/537.36
tcl-t431q	TCL	TCL 403	T431Q	2022	12	108.0.5359.128	SP1A.210812.016	4	6	Imagination Technologies	PowerVR Rogue GE8320	phone	Mozilla/5.0 (Linux; Android 12; T431Q Build/SP1A.210812.016) AppleWebKit/537.36 (KHTML, like Gecko) Chrome/108.0.5359.128 Mobile Safari/537.36
tcl-t431u	TCL	TCL 403	T431U	2022	12	108.0.5359.128	SP1A.210812.016	4	6	Imagination Technologies	PowerVR Rogue GE8320	phone	Mozilla/5.0 (Linux; Android 12; T431U Build/SP1A.210812.016) AppleWebKit/537.36 (KHTML, like Gecko) Chrome/108.0.5359.128 Mobile Safari/537.36
tcl-t506a	TCL	TCL 405	T506A	2022	12	108.0.5359.128	SP1A.210812.016	4	6	Imagination Technologies	PowerVR Rogue GE8320	phone	Mozilla/5.0 (Linux; Android 12; T506A Build/SP1A.210812.016) AppleWebKit/537.36 (KHTML, like Gecko) Chrome/108.0.5359.128 Mobile Safari/537.36
tcl-t506d	TCL	TCL 405	T506D	2022	12	108.0.5359.128	SP1A.210812.016	4	6	Imagination Technologies	PowerVR Rogue GE8320	phone	Mozilla/5.0 (Linux; Android 12; T506D Build/SP1A.210812.016) AppleWebKit/537.36 (KHTML, like Gecko) Chrome/108.0.5359.128 Mobile Safari/537.36
tcl-t507a	TCL	TCL 408	T507A	2023	13	120.0.6099.144	TP1A.220624.014	8	8	ARM	Mali-G52 MC2	phone	Mozilla/5.0 (Linux; Android 13; T507A Build/TP1A.220624.014) AppleWebKit/537.36 (KHTML, like Gecko) Chrome/120.0.6099.144 Mobile Safari/537.36
tcl-t507d	TCL	TCL 408	T507D	2023	13	120.0.6099.144	TP1A.220624.014	8	8	ARM	Mali-G52 MC2	phone	Mozilla/5.0 (Linux; Android 13; T507D Build/TP1A.220624.014) AppleWebKit/537.36 (KHTML, like Gecko) Chrome/120.0.6099.144 Mobile Safari/537.36
tcl-t507f	TCL	TCL 408	T507F	2023	13	120.0.6099.144	TP1A.220624.014	8	8	ARM	Mali-G52 MC2	phone	Mozilla/5.0 (Linux; Android 13; T507F Build/TP1A.220624.014) AppleWebKit/537.36 (KHTML, like Gecko) Chrome/120.0.6099.144 Mobile Safari/537.36
tcl-t507j	TCL	TCL 408	T507J	2023	13	120.0.6099.144	TP1A.220624.014	8	8	ARM	Mali-G52 MC2	phone	Mozilla/5.0 (Linux; Android 13; T507J Build/TP1A.220624.014) AppleWebKit/537.36 (KHTML, like Gecko) Chrome/120.0.6099.144 Mobile Safari/537.36
tcl-t507u	TCL	TCL 408	T507U	2023	13	120.0.6099.144	TP1A.220624.014	8	8	ARM	Mali-G52 MC2	phone	Mozilla/5.0 (Linux; Android 13; T507U Build/TP1A.220624.014) AppleWebKit/537.36 (KHTML, like Gecko) Chrome/120.0.6099.144 Mobile Safari/537.36
tcl-t509a	TCL	TCL 505	T509A	2023	13	120.0.6099.144	TP1A.220624.014	8	8	ARM	Mali-G52 MC2	phone	Mozilla/5.0 (Linux; Android 13; T509A Build/TP1A.220624.014) AppleWebKit/537.36 (KHTML, like Gecko) Chrome/120.0.6099.144 Mobile Safari/537.36
tcl-t509k	TCL	TCL 505	T509K	2023	13	120.0.6099.144	TP1A.220624.014	8	8	ARM	Mali-G52 MC2	phone	Mozilla/5.0 (Linux; Android 13; T509K Build/TP1A.220624.014) AppleWebKit/537.36 (KHTML, like Gecko) Chrome/120.0.6099.144 Mobile Safari/537.36
tcl-t517a	TCL	TCL 605	T517A	2024	14	131.0.6778.135	UP1A.231005.007	8	8	Qualcomm	Adreno (TM) 613	phone	Mozilla/5.0 (Linux; Android 14; T517A Build/UP1A.231005.007) AppleWebKit/537.36 (KHTML, like Gecko) Chrome/131.0.6778.135 Mobile Safari/537.36
tcl-t517d	TCL	TCL 605	T517D	2024	14	131.0.6778.135	UP1A.231005.007	8	8	Qualcomm	Adreno (TM) 613	phone	Mozilla/5.0 (Linux; Android 14; T517D Build/UP1A.231005.007) AppleWebKit/537.36 (KHTML, like Gecko) Chrome/131.0.6778.135 Mobile Safari/537.36
tcl-t517f	TCL	TCL 605	T517F	2024	14	131.0.6778.135	UP1A.231005.007	8	8	Qualcomm	Adreno (TM) 613	phone	Mozilla/5.0 (Linux; Android 14; T517F Build/UP1A.231005.007) AppleWebKit/537.36 (KHTML, like Gecko) Chrome/131.0.6778.135 Mobile Safari/537.36
tcl-t517j	TCL	TCL 605	T517J	2024	14	131.0.6778.135	UP1A.231005.007	8	8	Qualcomm	Adreno (TM) 613	phone	Mozilla/5.0 (Linux; Android 14; T517J Build/UP1A.231005.007) AppleWebKit/537.36 (KHTML, like Gecko) Chrome/131.0.6778.135 Mobile Safari/537.36
tcl-t608m	TCL	TCL 40XL	T608M	2023	13	120.0.6099.144	TP1A.220624.014	8	8	ARM	Mali-G52 MC2	phone	Mozilla/5.0 (Linux; Android 13; T608M Build/TP1A.220624.014) AppleWebKit/537.36 (KHTML, like Gecko) Chrome/120.0.6099.144 Mobile Safari/537.36
tcl-t610e	TCL	TCL 40 SE	T610E	2023	13	120.0.6099.144	TP1A.220624.014	8	8	ARM	Mali-G52 MC2	phone	Mozilla/5.0 (Linux; Android 13; T610E Build/TP1A.220624.014) AppleWebKit/537.36 (KHTML, like Gecko) Chrome/120.0.6099.144 Mobile Safari/537.36
tcl-t610k	TCL	TCL 40 SE	T610K	2023	13	120.0.6099.144	TP1A.220624.014	8	8	ARM	Mali-G52 MC2	phone	Mozilla/5.0 (Linux; Android 13; T610K Build/TP1A.220624.014) AppleWebKit/537.36 (KHTML, like Gecko) Chrome/120.0.6099.144 Mobile Safari/537.36
tcl-t610p	TCL	TCL 40 SE	T610P	2023	13	120.0.6099.144	TP1A.220624.014	8	8	ARM	Mali-G52 MC2	phone	Mozilla/5.0 (Linux; Android 13; T610P Build/TP1A.220624.014) AppleWebKit/537.36 (KHTML, like Gecko) Chrome/120.0.6099.144 Mobile Safari/537.36
tcl-t611b	TCL	TCL 50 SE	T611B	2024	14	131.0.6778.135	UP1A.231005.007	8	8	ARM	Mali-G57 MC2	phone	Mozilla/5.0 (Linux; Android 14; T611B Build/UP1A.231005.007) AppleWebKit/537.36 (KHTML, like Gecko) Chrome/131.0.6778.135 Mobile Safari/537.36
tcl-t612b	TCL	TCL 40 NXTPAPER	T612B	2023	13	120.0.6099.144	TP1A.220624.014	8	8	ARM	Mali-G57 MC2	phone	Mozilla/5.0 (Linux; Android 13; T612B Build/TP1A.220624.014) AppleWebKit/537.36 (KHTML, like Gecko) Chrome/120.0.6099.144 Mobile Safari/537.36
tcl-t613k	TCL	TCL 50 5G	T613K	2024	14	131.0.6778.135	UP1A.231005.007	8	8	ARM	Mali-G57 MC2	phone	Mozilla/5.0 (Linux; Android 14; T613K Build/UP1A.231005.007) AppleWebKit/537.36 (KHTML, like Gecko) Chrome/131.0.6778.135 Mobile Safari/537.36
tcl-t613p	TCL	TCL 50 5G	T613P	2024	14	131.0.6778.135	UP1A.231005.007	8	8	ARM	Mali-G57 MC2	phone	Mozilla/5.0 (Linux; Android 14; T613P Build/UP1A.231005.007) AppleWebKit/537.36 (KHTML, like Gecko) Chrome/131.0.6778.135 Mobile Safari/537.36
tcl-t671g	TCL	TCL 30 XL	T671G	2022	12	108.0.5359.128	SP1A.210812.016	4	6	Imagination Technologies	PowerVR Rogue GE8320	phone	Mozilla/5.0 (Linux; Android 12; T671G Build/SP1A.210812.016) AppleWebKit/537.36 (KHTML, like Gecko) Chrome/108.0.5359.128 Mobile Safari/537.36
tcl-t676h	TCL	TCL 30	T676H	2022	12	108.0.5359.128	SP1A.210812.016	4	6	Imagination Technologies	PowerVR Rogue GE8320	phone	Mozilla/5.0 (Linux; Android 12; T676H Build/SP1A.210812.016) AppleWebKit/537.36 (KHTML, like Gecko) Chrome/108.0.5359.128 Mobile Safari/537.36
tcl-t701dl	TCL	TCL 30 XL	T701DL	2022	12	108.0.5359.128	SP1A.210812.016	4	6	Imagination Technologies	PowerVR Rogue GE8320	phone	Mozilla/5.0 (Linux; Android 12; T701DL Build/SP1A.210812.016) AppleWebKit/537.36 (KHTML, like Gecko) Chrome/108.0.5359.128 Mobile Safari/537.36
tcl-t776h	TCL	TCL 30 5G	T776H	2022	12	108.0.5359.128	SP1A.210812.016	4	6	ARM	Mali-G57 MC2	phone	Mozilla/5.0 (Linux; Android 12; T776H Build/SP1A.210812.016) AppleWebKit/537.36 (KHTML, like Gecko) Chrome/108.0.5359.128 Mobile Safari/537.36
tcl-t776o	TCL	TCL 30 5G	T776O	2022	12	108.0.5359.128	SP1A.210812.016	4	6	ARM	Mali-G57 MC2	phone	Mozilla/5.0 (Linux; Android 12; T776O Build/SP1A.210812.016) AppleWebKit/537.36 (KHTML, like Gecko) Chrome/108.0.5359.128 Mobile Safari/537.36
tecno-tecno-bf7n	TECNO	SPARK Go 2023	TECNO BF7n	2023	13	120.0.6099.144	TP1A.220624.014	8	8	Imagination Technologies	PowerVR Rogue GE8320	phone	Mozilla/5.0 (Linux; Android 13; TECNO BF7n Build/TP1A.220624.014) AppleWebKit/537.36 (KHTML, like Gecko) Chrome/120.0.6099.144 Mobile Safari/537.36
tecno-tecno-bg6	TECNO	SPARK Go 2024	TECNO BG6	2024	14	131.0.6778.135	UP1A.231005.007	8	8	Imagination Technologies	PowerVR Rogue GE8320	phone	Mozilla/5.0 (Linux; Android 14; TECNO BG6 Build/UP1A.231005.007) AppleWebKit/537.36 (KHTML, like Gecko) Chrome/131.0.6778.135 Mobile Safari/537.36
tecno-tecno-bg6m	TECNO	TECNO SPARK Go 2024	TECNO BG6m	2024	14	131.0.6778.135	UP1A.231005.007	8	8	Imagination Technologies	PowerVR Rogue GE8320	phone	Mozilla/5.0 (Linux; Android 14; TECNO BG6m Build/UP1A.231005.007) AppleWebKit/537.36 (KHTML, like Gecko) Chrome/131.0.6778.135 Mobile Safari/537.36
tecno-tecno-bg6s	TECNO	TECNO SPARK Go 2024	TECNO BG6s	2024	14	131.0.6778.135	UP1A.231005.007	8	8	Imagination Technologies	PowerVR Rogue GE8320	phone	Mozilla/5.0 (Linux; Android 14; TECNO BG6s Build/UP1A.231005.007) AppleWebKit/537.36 (KHTML, like Gecko) Chrome/131.0.6778.135 Mobile Safari/537.36
tecno-tecno-bg7	TECNO	TECNO SPARK 20C	TECNO BG7	2022	12	108.0.5359.128	SP1A.210812.016	4	6	ARM	Mali-G52 MC2	phone	Mozilla/5.0 (Linux; Android 12; TECNO BG7 Build/SP1A.210812.016) AppleWebKit/537.36 (KHTML, like Gecko) Chrome/108.0.5359.128 Mobile Safari/537.36
tecno-tecno-bg7n	TECNO	TECNO SPARK 20C	TECNO BG7n	2022	12	108.0.5359.128	SP1A.210812.016	4	6	ARM	Mali-G52 MC2	phone	Mozilla/5.0 (Linux; Android 12; TECNO BG7n Build/SP1A.210812.016) AppleWebKit/537.36 (KHTML, like Gecko) Chrome/108.0.5359.128 Mobile Safari/537.36
tecno-tecno-ck6	TECNO	TECNO CAMON 20	TECNO CK6	2022	12	108.0.5359.128	SP1A.210812.016	4	6	ARM	Mali-G52 MC2	phone	Mozilla/5.0 (Linux; Android 12; TECNO CK6 Build/SP1A.210812.016) AppleWebKit/537.36 (KHTML, like Gecko) Chrome/108.0.5359.128 Mobile Safari/537.36
tecno-tecno-ck6n	TECNO	TECNO CAMON 20	TECNO CK6n	2022	12	108.0.5359.128	SP1A.210812.016	4	6	ARM	Mali-G52 MC2	phone	Mozilla/5.0 (Linux; Android 12; TECNO CK6n Build/SP1A.210812.016) AppleWebKit/537.36 (KHTML, like Gecko) Chrome/108.0.5359.128 Mobile Safari/537.36
tecno-tecno-ck6ns	TECNO	TECNO CAMON 20	TECNO CK6ns	2022	12	108.0.5359.128	SP1A.210812.016	4	6	ARM	Mali-G52 MC2	phone	Mozilla/5.0 (Linux; Android 12; TECNO CK6ns Build/SP1A.210812.016) AppleWebKit/537.36 (KHTML, like Gecko) Chrome/108.0.5359.128 Mobile Safari/537.36
tecno-tecno-ck7n	TECNO	CAMON 20 Pro	TECNO CK7n	2022	12	108.0.5359.128	SP1A.210812.016	4	6	ARM	Mali-G52 MC2	phone	Mozilla/5.0 (Linux; Android 12; TECNO CK7n Build/SP1A.210812.016) AppleWebKit/537.36 (KHTML, like Gecko) Chrome/108.0.5359.128 Mobile Safari/537.36
tecno-tecno-ck8n	TECNO	CAMON 20 Pro 5G	TECNO CK8n	2022	12	108.0.5359.128	SP1A.210812.016	4	6	ARM	Mali-G77 MC9	phone	Mozilla/5.0 (Linux; Android 12; TECNO CK8n Build/SP1A.210812.016) AppleWebKit/537.36 (KHTML, like Gecko) Chrome/108.0.5359.128 Mobile Safari/537.36
tecno-tecno-ck8nb	TECNO	TECNO CAMON 20s Pro 5G	TECNO CK8nB	2022	12	108.0.5359.128	SP1A.210812.016	4	6	ARM	Mali-G77 MC9	phone	Mozilla/5.0 (Linux; Android 12; TECNO CK8nB Build/SP1A.210812.016) AppleWebKit/537.36 (KHTML, like Gecko) Chrome/108.0.5359.128 Mobile Safari/537.36
tecno-tecno-ck9n	TECNO	TECNO CAMON 20 Premier 5G	TECNO CK9n	2022	12	108.0.5359.128	SP1A.210812.016	4	6	ARM	Mali-G77 MC9	phone	Mozilla/5.0 (Linux; Android 12; TECNO CK9n Build/SP1A.210812.016) AppleWebKit/537.36 (KHTML, like Gecko) Chrome/108.0.5359.128 Mobile Safari/537.36
tecno-tecno-cl6	TECNO	TECNO CAMON 30	TECNO CL6	2023	13	120.0.6099.144	TP1A.220624.014	8	8	ARM	Mali-G57 MC2	phone	Mozilla/5.0 (Linux; Android 13; TECNO CL6 Build/TP1A.220624.014) AppleWebKit/537.36 (KHTML, like Gecko) Chrome/120.0.6099.144 Mobile Safari/537.36
tecno-tecno-cl6k	TECNO	TECNO CAMON 30	TECNO CL6k	2023	13	120.0.6099.144	TP1A.220624.014	8	8	ARM	Mali-G57 MC2	phone	Mozilla/5.0 (Linux; Android 13; TECNO CL6k Build/TP1A.220624.014) AppleWebKit/537.36 (KHTML, like Gecko) Chrome/120.0.6099.144 Mobile Safari/537.36
tecno-tecno-cl6s	TECNO	TECNO CAMON 30	TECNO CL6s	2023	13	120.0.6099.144	TP1A.220624.014	8	8	ARM	Mali-G57 MC2	phone	Mozilla/5.0 (Linux; Android 13; TECNO CL6s Build/TP1A.220624.014) AppleWebKit/537.36 (KHTML, like Gecko) Chrome/120.0.6099.144 Mobile Safari/537.36
tecno-tecno-cl7	TECNO	TECNO CAMON 30 5G	TECNO CL7	2023	13	120.0.6099.144	TP1A.220624.014	8	8	ARM	Mali-G68 MC4	phone	Mozilla/5.0 (Linux; Android 13; TECNO CL7 Build/TP1A.220624.014) AppleWebKit/537.36 (KHTML, like Gecko) Chrome/120.0.6099.144 Mobile Safari/537.36
tecno-tecno-cl7k	TECNO	TECNO CAMON 30 5G	TECNO CL7k	2023	13	120.0.6099.144	TP1A.220624.014	8	8	ARM	Mali-G68 MC4	phone	Mozilla/5.0 (Linux; Android 13; TECNO CL7k Build/TP1A.220624.014) AppleWebKit/537.36 (KHTML, like Gecko) Chrome/120.0.6099.144 Mobile Safari/537.36
tecno-tecno-cl7s	TECNO	TECNO CAMON 30 5G	TECNO CL7s	2023	13	120.0.6099.144	TP1A.220624.014	8	8	ARM	Mali-G68 MC4	phone	Mozilla/5.0 (Linux; Android 13; TECNO CL7s Build/TP1A.220624.014) AppleWebKit/537.36 (KHTML, like Gecko) Chrome/120.0.6099.144 Mobile Safari/537.36
tecno-tecno-cl8	TECNO	TECNO CAMON 30 Pro 5G	TECNO CL8	2023	13	120.0.6099.144	TP1A.220624.014	8	8	ARM	Mali-G610 MC6	phone	Mozilla/5.0 (Linux; Android 13; TECNO CL8 Build/TP1A.220624.014) AppleWebKit/537.36 (KHTML, like Gecko) Chrome/120.0.6099.144 Mobile Safari/537.36
tecno-tecno-cl9	TECNO	TECNO CAMON 30 Premier 5G	TECNO CL9	2023	13	120.0.6099.144	TP1A.220624.014	8	8	ARM	Mali-G610 MC6	phone	Mozilla/5.0 (Linux; Android 13; TECNO CL9 Build/TP1A.220624.014) AppleWebKit/537.36 (KHTML, like Gecko) Chrome/120.0.6099.144 Mobile Safari/537.36
tecno-tecno-cla5	TECNO	TECNO CAMON 30S	TECNO CLA5	2023	13	120.0.6099.144	TP1A.220624.014	8	8	ARM	Mali-G57 MC2	phone	Mozilla/5.0 (Linux; Android 13; TECNO CLA5 Build/TP1A.220624.014) AppleWebKit/537.36 (KHTML, like Gecko) Chrome/120.0.6099.144 Mobile Safari/537.36
tecno-tecno-cla6	TECNO	TECNO CAMON 30S Pro	TECNO CLA6	2023	13	120.0.6099.144	TP1A.220624.014	8	8	ARM	Mali-G57 MC2	phone	Mozilla/5.0 (Linux; Android 13; TECNO CLA6 Build/TP1A.220624.014) AppleWebKit/537.36 (KHTML, like Gecko) Chrome/120.0.6099.144 Mobile Safari/537.36
tecno-tecno-kg5	TECNO	TECNO SPARK Go 2022	TECNO KG5	2022	12	108.0.5359.128	SP1A.210812.016	4	6	Imagination Technologies	PowerVR Rogue GE8320	phone	Mozilla/5.0 (Linux; Android 12; TECNO KG5 Build/SP1A.210812.016) AppleWebKit/537.36 (KHTML, like Gecko) Chrome/108.0.5359.128 Mobile Safari/537.36
tecno-tecno-kg5h	TECNO	TECNO SPARK Go 2022	TECNO KG5h	2022	12	108.0.5359.128	SP1A.210812.016	4	6	Imagination Technologies	PowerVR Rogue GE8320	phone	Mozilla/5.0 (Linux; Android 12; TECNO KG5h Build/SP1A.210812.016) AppleWebKit/537.36 (KHTML, like Gecko) Chrome/108.0.5359.128 Mobile Safari/537.36
tecno-tecno-kg5m	TECNO	TECNO SPARK Go 2022	TECNO KG5m	2022	12	108.0.5359.128	SP1A.210812.016	4	6	Imagination Technologies	PowerVR Rogue GE8320	phone	Mozilla/5.0 (Linux; Android 12; TECNO KG5m Build/SP1A.210812.016) AppleWebKit/537.36 (KHTML, like Gecko) Chrome/108.0.5359.128 Mobile Safari/537.36
tecno-tecno-ki5k	TECNO	TECNO SPARK 10C	TECNO KI5k	2022	12	108.0.5359.128	SP1A.210812.016	4	6	ARM	Mali-G52 MC2	phone	Mozilla/5.0 (Linux; Android 12; TECNO KI5k Build/SP1A.210812.016) AppleWebKit/537.36 (KHTML, like Gecko) Chrome/108.0.5359.128 Mobile Safari/537.36
tecno-tecno-ki5m	TECNO	TECNO SPARK 10C	TECNO KI5m	2022	12	108.0.5359.128	SP1A.210812.016	4	6	ARM	Mali-G52 MC2	phone	Mozilla/5.0 (Linux; Android 12; TECNO KI5m Build/SP1A.210812.016) AppleWebKit/537.36 (KHTML, like Gecko) Chrome/108.0.5359.128 Mobile Safari/537.36
tecno-tecno-ki5n	TECNO	TECNO SPARK 10	TECNO KI5n	2022	12	108.0.5359.128	SP1A.210812.016	4	6	ARM	Mali-G52 MC2	phone	Mozilla/5.0 (Linux; Android 12; TECNO KI5n Build/SP1A.210812.016) AppleWebKit/537.36 (KHTML, like Gecko) Chrome/108.0.5359.128 Mobile Safari/537.36
tecno-tecno-ki5q	TECNO	TECNO SPARK 10	TECNO KI5q	2022	12	108.0.5359.128	SP1A.210812.016	4	6	ARM	Mali-G52 MC2	phone	Mozilla/5.0 (Linux; Android 12; TECNO KI5q Build/SP1A.210812.016) AppleWebKit/537.36 (KHTML, like Gecko) Chrome/108.0.5359.128 Mobile Safari/537.36
tecno-tecno-ki5qs	TECNO	TECNO SPARK 10	TECNO KI5qs	2022	12	108.0.5359.128	SP1A.210812.016	4	6	ARM	Mali-G52 MC2	phone	Mozilla/5.0 (Linux; Android 12; TECNO KI5qs Build/SP1A.210812.016) AppleWebKit/537.36 (KHTML, like Gecko) Chrome/108.0.5359.128 Mobile Safari/537.36
tecno-tecno-ki7	TECNO	TECNO SPARK 10 Pro	TECNO KI7	2022	12	108.0.5359.128	SP1A.210812.016	4	6	ARM	Mali-G52 MC2	phone	Mozilla/5.0 (Linux; Android 12; TECNO KI7 Build/SP1A.210812.016) AppleWebKit/537.36 (KHTML, like Gecko) Chrome/108.0.5359.128 Mobile Safari/537.36
tecno-tecno-ki7s	TECNO	TECNO SPARK 10 Pro	TECNO KI7s	2022	12	108.0.5359.128	SP1A.210812.016	4	6	ARM	Mali-G52 MC2	phone	Mozilla/5.0 (Linux; Android 12; TECNO KI7s Build/SP1A.210812.016) AppleWebKit/537.36 (KHTML, like Gecko) Chrome/108.0.5359.128 Mobile Safari/537.36
tecno-tecno-ki8	TECNO	SPARK 10 5G	TECNO KI8	2022	12	108.0.5359.128	SP1A.210812.016	4	6	ARM	Mali-G57 MC2	phone	Mozilla/5.0 (Linux; Android 12; TECNO KI8 Build/SP1A.210812.016) AppleWebKit/537.36 (KHTML, like Gecko) Chrome/108.0.5359.128 Mobile Safari/537.36
tecno-tecno-kj5	TECNO	TECNO SPARK 20	TECNO KJ5	2022	12	108.0.5359.128	SP1A.210812.016	4	6	ARM	Mali-G52 MC2	phone	Mozilla/5.0 (Linux; Android 12; TECNO KJ5 Build/SP1A.210812.016) AppleWebKit/537.36 (KHTML, like Gecko) Chrome/108.0.5359.128 Mobile Safari/537.36
tecno-tecno-kj5n	TECNO	TECNO SPARK 20	TECNO KJ5n	2022	12	108.0.5359.128	SP1A.210812.016	4	6	ARM	Mali-G52 MC2	phone	Mozilla/5.0 (Linux; Android 12; TECNO KJ5n Build/SP1A.210812.016) AppleWebKit/537.36 (KHTML, like Gecko) Chrome/108.0.5359.128 Mobile Safari/537.36
tecno-tecno-kj5s	TECNO	TECNO SPARK 20	TECNO KJ5s	2022	12	108.0.5359.128	SP1A.210812.016	4	6	ARM	Mali-G52 MC2	phone	Mozilla/5.0 (Linux; Android 12; TECNO KJ5s Build/SP1A.210812.016) AppleWebKit/537.36 (KHTML, like Gecko) Chrome/108.0.5359.128 Mobile Safari/537.36
tecno-tecno-kj6	TECNO	TECNO SPARK 20 Pro	TECNO KJ6	2022	12	108.0.5359.128	SP1A.210812.016	4	6	ARM	Mali-G57 MC2	phone	Mozilla/5.0 (Linux; Android 12; TECNO KJ6 Build/SP1A.210812.016) AppleWebKit/537.36 (KHTML, like Gecko) Chrome/108.0.5359.128 Mobile Safari/537.36
tecno-tecno-kj7	TECNO	TECNO SPARK 20 Pro+	TECNO KJ7	2022	12	108.0.5359.128	SP1A.210812.016	4	6	ARM	Mali-G57 MC2	phone	Mozilla/5.0 (Linux; Android 12; TECNO KJ7 Build/SP1A.210812.016) AppleWebKit/537.36 (KHTML, like Gecko) Chrome/108.0.5359.128 Mobile Safari/537.36
tecno-tecno-kj7s	TECNO	TECNO SPARK 20 Pro+	TECNO KJ7s	2022	12	108.0.5359.128	SP1A.210812.016	4	6	ARM	Mali-G57 MC2	phone	Mozilla/5.0 (Linux; Android 12; TECNO KJ7s Build/SP1A.210812.016) AppleWebKit/537.36 (KHTML, like Gecko) Chrome/108.0.5359.128 Mobile Safari/537.36
tecno-tecno-kj8	TECNO	TECNO SPARK 20 Pro 5G	TECNO KJ8	2022	12	108.0.5359.128	SP1A.210812.016	4	6	ARM	Mali-G57 MC2	phone	Mozilla/5.0 (Linux; Android 12; TECNO KJ8 Build/SP1A.210812.016) AppleWebKit/537.36 (KHTML, like Gecko) Chrome/108.0.5359.128 Mobile Safari/537.36
tecno-tecno-kl5	TECNO	TECNO SPARK 30C	TECNO KL5	2023	13	120.0.6099.144	TP1A.220624.014	8	8	ARM	Mali-G52 MC2	phone	Mozilla/5.0 (Linux; Android 13; TECNO KL5 Build/TP1A.220624.014) AppleWebKit/537.36 (KHTML, like Gecko) Chrome/120.0.6099.144 Mobile Safari/537.36
tecno-tecno-kl5n	TECNO	TECNO SPARK 30C	TECNO KL5n	2023	13	120.0.6099.144	TP1A.220624.014	8	8	ARM	Mali-G52 MC2	phone	Mozilla/5.0 (Linux; Android 13; TECNO KL5n Build/TP1A.220624.014) AppleWebKit/537.36 (KHTML, like Gecko) Chrome/120.0.6099.144 Mobile Safari/537.36
tecno-tecno-kl5s	TECNO	TECNO SPARK 30C	TECNO KL5s	2023	13	120.0.6099.144	TP1A.220624.014	8	8	ARM	Mali-G52 MC2	phone	Mozilla/5.0 (Linux; Android 13; TECNO KL5s Build/TP1A.220624.014) AppleWebKit/537.36 (KHTML, like Gecko) Chrome/120.0.6099.144 Mobile Safari/537.36
tecno-tecno-kl6	TECNO	TECNO SPARK 30	TECNO KL6	2023	13	120.0.6099.144	TP1A.220624.014	8	8	ARM	Mali-G52 MC2	phone	Mozilla/5.0 (Linux; Android 13; TECNO KL6 Build/TP1A.220624.014) AppleWebKit/537.36 (KHTML, like Gecko) Chrome/120.0.6099.144 Mobile Safari/537.36
tecno-tecno-kl7	TECNO	TECNO SPARK 30 Pro	TECNO KL7	2023	13	120.0.6099.144	TP1A.220624.014	8	8	ARM	Mali-G57 MC2	phone	Mozilla/5.0 (Linux; Android 13; TECNO KL7 Build/TP1A.220624.014) AppleWebKit/537.36 (KHTML, like Gecko) Chrome/120.0.6099.144 Mobile Safari/537.36
tecno-tecno-kl8	TECNO	TECNO SPARK 30 5G	TECNO KL8	2023	13	120.0.6099.144	TP1A.220624.014	8	8	ARM	Mali-G57 MC2	phone	Mozilla/5.0 (Linux; Android 13; TECNO KL8 Build/TP1A.220624.014) AppleWebKit/537.36 (KHTML, like Gecko) Chrome/120.0.6099.144 Mobile Safari/537.36
tecno-tecno-kl8h	TECNO	TECNO SPARK 30C 5G	TECNO KL8h	2023	13	120.0.6099.144	TP1A.220624.014	8	8	ARM	Mali-G57 MC2	phone	Mozilla/5.0 (Linux; Android 13; TECNO KL8h Build/TP1A.220624.014) AppleWebKit/537.36 (KHTML, like Gecko) Chrome/120.0.6099.144 Mobile Safari/537.36
tecno-tecno-kl8hs	TECNO	TECNO SPARK 30C 5G	TECNO KL8hs	2023	13	120.0.6099.144	TP1A.220624.014	8	8	ARM	Mali-G57 MC2	phone	Mozilla/5.0 (Linux; Android 13; TECNO KL8hs Build/TP1A.220624.014) AppleWebKit/537.36 (KHTML, like Gecko) Chrome/120.0.6099.144 Mobile Safari/537.36
tecno-tecno-kl8s	TECNO	TECNO SPARK 30 5G	TECNO KL8s	2023	13	120.0.6099.144	TP1A.220624.014	8	8	ARM	Mali-G57 MC2	phone	Mozilla/5.0 (Linux; Android 13; TECNO KL8s Build/TP1A.220624.014) AppleWebKit/537.36 (KHTML, like Gecko) Chrome/120.0.6099.144 Mobile Safari/537.36
tecno-tecno-mobile-cla6	TECNO	TECNO CAMON 30T	TECNO Mobile CLA6	2023	13	120.0.6099.144	TP1A.220624.014	8	8	ARM	Mali-G57 MC2	phone	Mozilla/5.0 (Linux; Android 13; TECNO Mobile CLA6 Build/TP1A.220624.014) AppleWebKit/537.36 (KHTML, like Gecko) Chrome/120.0.6099.144 Mobile Safari/537.36
xiaomi-21051182c	Xiaomi	Xiaomi Pad 5	21051182C	2022	12	108.0.5359.128	SP1A.210812.016	4	6	Qualcomm	Adreno (TM) 640	tablet	Mozilla/5.0 (Linux; Android 12; 21051182C Build/SP1A.210812.016) AppleWebKit/537.36 (KHTML, like Gecko) Chrome/108.0.5359.128 Safari/537.36
xiaomi-21051182g	Xiaomi	Xiaomi Pad 5	21051182G	2022	12	108.0.5359.128	SP1A.210812.016	4	6	Qualcomm	Adreno (TM) 640	tablet	Mozilla/5.0 (Linux; Android 12; 21051182G Build/SP1A.210812.016) AppleWebKit/537.36 (KHTML, like Gecko) Chrome/108.0.5359.128 Safari/537.36
xiaomi-2201122c	Xiaomi	Xiaomi 12 Pro	2201122C	2022	12	108.0.5359.128	SP1A.210812.016	4	6	Qualcomm	Adreno (TM) 730	phone	Mozilla/5.0 (Linux; Android 12; 2201122C Build/SP1A.210812.016) AppleWebKit/537.36 (KHTML, like Gecko) Chrome/108.0.5359.128 Mobile Safari/537.36
xiaomi-2201122g	Xiaomi	Xiaomi 12 Pro	2201122G	2022	12	108.0.5359.128	SP1A.210812.016	4	6	Qualcomm	Adreno (TM) 730	phone	Mozilla/5.0 (Linux; Android 12; 2201122G Build/SP1A.210812.016) AppleWebKit/537.36 (KHTML, like Gecko) Chrome/108.0.5359.128 Mobile Safari/537.36
xiaomi-2201123c	Xiaomi	Xiaomi 12	2201123C	2022	12	108.0.5359.128	SP1A.210812.016	4	6	Qualcomm	Adreno (TM) 730	phone	Mozilla/5.0 (Linux; Android 12; 2201123C Build/SP1A.210812.016) AppleWebKit/537.36 (KHTML, like Gecko) Chrome/108.0.5359.128 Mobile Safari/537.36
xiaomi-2201123g	Xiaomi	Xiaomi 12	2201123G	2022	12	108.0.5359.128	SP1A.210812.016	4	6	Qualcomm	Adreno (TM) 730	phone	Mozilla/5.0 (Linux; Android 12; 2201123G Build/SP1A.210812.016) AppleWebKit/537.36 (KHTML, like Gecko) Chrome/108.0.5359.128 Mobile Safari/537.36
xiaomi-2203129g	Xiaomi	Xiaomi 12 Lite	2203129G	2022	12	108.0.5359.128	SP1A.210812.016	4	6	Qualcomm	Adreno (TM) 642L	phone	Mozilla/5.0 (Linux; Android 12; 2203129G Build/SP1A.210812.016) AppleWebKit/537.36 (KHTML, like Gecko) Chrome/108.0.5359.128 Mobile Safari/537.36
xiaomi-22071212ag	Xiaomi	Xiaomi 12T	22071212AG	2022	12	108.0.5359.128	SP1A.210812.016	4	6	ARM	Mali-G610 MC6	phone	Mozilla/5.0 (Linux; Android 12; 22071212AG Build/SP1A.210812.016) AppleWebKit/537.36 (KHTML, like Gecko) Chrome/108.0.5359.128 Mobile Safari/537.36
xiaomi-22081281ac	Xiaomi	Xiaomi Pad 5 Pro	22081281AC	2022	12	108.0.5359.128	SP1A.210812.016	4	6	Qualcomm	Adreno (TM) 650	tablet	Mozilla/5.0 (Linux; Android 12; 22081281AC Build/SP1A.210812.016) AppleWebKit/537.36 (KHTML, like Gecko) Chrome/108.0.5359.128 Safari/537.36
xiaomi-2210129sg	Xiaomi	Xiaomi 13 Lite	2210129SG	2023	13	120.0.6099.144	TP1A.220624.014	8	8	Qualcomm	Adreno (TM) 644	phone	Mozilla/5.0 (Linux; Android 13; 2210129SG Build/TP1A.220624.014) AppleWebKit/537.36 (KHTML, like Gecko) Chrome/120.0.6099.144 Mobile Safari/537.36
xiaomi-2210132g	Xiaomi	Xiaomi 13 Pro	2210132G	2023	13	120.0.6099.144	TP1A.220624.014	8	8	Qualcomm	Adreno (TM) 740	phone	Mozilla/5.0 (Linux; Android 13; 2210132G Build/TP1A.220624.014) AppleWebKit/537.36 (KHTML, like Gecko) Chrome/120.0.6099.144 Mobile Safari/537.36
xiaomi-2211133c	Xiaomi	Xiaomi 13	2211133C	2023	13	120.0.6099.144	TP1A.220624.014	8	8	Qualcomm	Adreno (TM) 740	phone	Mozilla/5.0 (Linux; Android 13; 2211133C Build/TP1A.220624.014) AppleWebKit/537.36 (KHTML, like Gecko) Chrome/120.0.6099.144 Mobile Safari/537.36
xiaomi-2211133g	Xiaomi	Xiaomi 13	2211133G	2023	13	120.0.6099.144	TP1A.220624.014	8	8	Qualcomm	Adreno (TM) 740	phone	Mozilla/5.0 (Linux; Android 13; 2211133G Build/TP1A.220624.014) AppleWebKit/537.36 (KHTML, like Gecko) Chrome/120.0.6099.144 Mobile Safari/537.36
xiaomi-23043rp34c	Xiaomi	Xiaomi Pad 6	23043RP34C	2023	13	120.0.6099.144	TP1A.220624.014	8	8	Qualcomm	Adreno (TM) 650	tablet	Mozilla/5.0 (Linux; Android 13; 23043RP34C Build/TP1A.220624.014) AppleWebKit/537.36 (KHTML, like Gecko) Chrome/120.0.6099.144 Safari/537.36
xiaomi-23043rp34g	Xiaomi	Xiaomi Pad 6	23043RP34G	2023	13	120.0.6099.144	TP1A.220624.014	8	8	Qualcomm	Adreno (TM) 650	tablet	Mozilla/5.0 (Linux; Android 13; 23043RP34G Build/TP1A.220624.014) AppleWebKit/537.36 (KHTML, like Gecko) Chrome/120.0.6099.144 Safari/537.36
xiaomi-23043rp34i	Xiaomi	Xiaomi Pad 6	23043RP34I	2023	13	120.0.6099.144	TP1A.220624.014	8	8	Qualcomm	Adreno (TM) 650	tablet	Mozilla/5.0 (Linux; Android 13; 23043RP34I Build/TP1A.220624.014) AppleWebKit/537.36 (KHTML, like Gecko) Chrome/120.0.6099.144 Safari/537.36
xiaomi-2304fpn6dc	Xiaomi	Xiaomi 13 Ultra	2304FPN6DC	2023	13	120.0.6099.144	TP1A.220624.014	8	8	Qualcomm	Adreno (TM) 740	phone	Mozilla/5.0 (Linux; Android 13; 2304FPN6DC Build/TP1A.220624.014) AppleWebKit/537.36 (KHTML, like Gecko) Chrome/120.0.6099.144 Mobile Safari/537.36
xiaomi-2304fpn6dg	Xiaomi	Xiaomi 13 Ultra	2304FPN6DG	2023	13	120.0.6099.144	TP1A.220624.014	8	8	Qualcomm	Adreno (TM) 740	phone	Mozilla/5.0 (Linux; Android 13; 2304FPN6DG Build/TP1A.220624.014) AppleWebKit/537.36 (KHTML, like Gecko) Chrome/120.0.6099.144 Mobile Safari/537.36
xiaomi-2306epn60g	Xiaomi	Xiaomi 13T	2306EPN60G	2023	13	120.0.6099.144	TP1A.220624.014	8	8	ARM	Mali-G610 MC6	phone	Mozilla/5.0 (Linux; Android 13; 2306EPN60G Build/TP1A.220624.014) AppleWebKit/537.36 (KHTML, like Gecko) Chrome/120.0.6099.144 Mobile Safari/537.36
xiaomi-23116pn5bc	Xiaomi	Xiaomi 14 Pro	23116PN5BC	2024	14	131.0.6778.135	UP1A.231005.007	8	8	Qualcomm	Adreno (TM) 750	phone	Mozilla/5.0 (Linux; Android 14; 23116PN5BC Build/UP1A.231005.007) AppleWebKit/537.36 (KHTML, like Gecko) Chrome/131.0.6778.135 Mobile Safari/537.36
xiaomi-2311bpn23c	Xiaomi	Xiaomi 14 Pro	2311BPN23C	2024	14	131.0.6778.135	UP1A.231005.007	8	8	Qualcomm	Adreno (TM) 750	phone	Mozilla/5.0 (Linux; Android 14; 2311BPN23C Build/UP1A.231005.007) AppleWebKit/537.36 (KHTML, like Gecko) Chrome/131.0.6778.135 Mobile Safari/537.36
xiaomi-23127pn0cc	Xiaomi	Xiaomi 14	23127PN0CC	2024	14	131.0.6778.135	UP1A.231005.007	8	8	Qualcomm	Adreno (TM) 750	phone	Mozilla/5.0 (Linux; Android 14; 23127PN0CC Build/UP1A.231005.007) AppleWebKit/537.36 (KHTML, like Gecko) Chrome/131.0.6778.135 Mobile Safari/537.36
xiaomi-23127pn0cg	Xiaomi	Xiaomi 14	23127PN0CG	2024	14	131.0.6778.135	UP1A.231005.007	8	8	Qualcomm	Adreno (TM) 750	phone	Mozilla/5.0 (Linux; Android 14; 23127PN0CG Build/UP1A.231005.007) AppleWebKit/537.36 (KHTML, like Gecko) Chrome/131.0.6778.135 Mobile Safari/537.36
xiaomi-24030pn60g	Xiaomi	Xiaomi 14 Ultra	24030PN60G	2024	14	131.0.6778.135	UP1A.231005.007	8	8	Qualcomm	Adreno (TM) 750	phone	Mozilla/5.0 (Linux; Android 14; 24030PN60G Build/UP1A.231005.007) AppleWebKit/537.36 (KHTML, like Gecko) Chrome/131.0.6778.135 Mobile Safari/537.36
xiaomi-24031pn0dc	Xiaomi	Xiaomi 14 Ultra	24031PN0DC	2024	14	131.0.6778.135	UP1A.231005.007	8	8	Qualcomm	Adreno (TM) 750	phone	Mozilla/5.0 (Linux; Android 14; 24031PN0DC Build/UP1A.231005.007) AppleWebKit/537.36 (KHTML, like Gecko) Chrome/131.0.6778.135 Mobile Safari/537.36
xiaomi-2406apnfag	Xiaomi	Xiaomi 14T	2406APNFAG	2024	14	131.0.6778.135	UP1A.231005.007	8	8	ARM	Mali-G615 MC6	phone	Mozilla/5.0 (Linux; Android 14; 2406APNFAG Build/UP1A.231005.007) AppleWebKit/537.36 (KHTML, like Gecko) Chrome/131.0.6778.135 Mobile Safari/537.36
xiaomi-24091rpadc	Xiaomi	Xiaomi Pad 7 Pro	24091RPADC	2024	14	131.0.6778.135	UP1A.231005.007	8	8	Qualcomm	Adreno (TM) 735	tablet	Mozilla/5.0 (Linux; Android 14; 24091RPADC Build/UP1A.231005.007) AppleWebKit/537.36 (KHTML, like Gecko) Chrome/131.0.6778.135 Safari/537.36
xiaomi-24091rpadg	Xiaomi	Xiaomi Pad 7 Pro	24091RPADG	2024	14	131.0.6778.135	UP1A.231005.007	8	8	Qualcomm	Adreno (TM) 735	tablet	Mozilla/5.0 (Linux; Android 14; 24091RPADG Build/UP1A.231005.007) AppleWebKit/537.36 (KHTML, like Gecko) Chrome/131.0.6778.135 Safari/537.36
xiaomi-2410crp4cc	Xiaomi	Xiaomi Pad 7	2410CRP4CC	2024	14	131.0.6778.135	UP1A.231005.007	8	8	Qualcomm	Adreno (TM) 732	tablet	Mozilla/5.0 (Linux; Android 14; 2410CRP4CC Build/UP1A.231005.007) AppleWebKit/537.36 (KHTML, like Gecko) Chrome/131.0.6778.135 Safari/537.36
xiaomi-2410crp4cg	Xiaomi	Xiaomi Pad 7	2410CRP4CG	2024	14	131.0.6778.135	UP1A.231005.007	8	8	Qualcomm	Adreno (TM) 732	tablet	Mozilla/5.0 (Linux; Android 14; 2410CRP4CG Build/UP1A.231005.007) AppleWebKit/537.36 (KHTML, like Gecko) Chrome/131.0.6778.135 Safari/537.36
xiaomi-2410crp4ci	Xiaomi	Xiaomi Pad 7	2410CRP4CI	2024	14	131.0.6778.135	UP1A.231005.007	8	8	Qualcomm	Adreno (TM) 732	tablet	Mozilla/5.0 (Linux; Android 14; 2410CRP4CI Build/UP1A.231005.007) AppleWebKit/537.36 (KHTML, like Gecko) Chrome/131.0.6778.135 Safari/537.36
xiaomi-2410dpn6cc	Xiaomi	Xiaomi 15 Pro	2410DPN6CC	2025	15	138.0.7204.157	AP3A.241105.007	8	8	Qualcomm	Adreno (TM) 830	phone	Mozilla/5.0 (Linux; Android 15; 2410DPN6CC Build/AP3A.241105.007) AppleWebKit/537.36 (KHTML, like Gecko) Chrome/138.0.7204.157 Mobile Safari/537.36
xiaomi-24129pn74c	Xiaomi	Xiaomi 15	24129PN74C	2025	15	138.0.7204.157	AP3A.241105.007	8	8	Qualcomm	Adreno (TM) 830	phone	Mozilla/5.0 (Linux; Android 15; 24129PN74C Build/AP3A.241105.007) AppleWebKit/537.36 (KHTML, like Gecko) Chrome/138.0.7204.157 Mobile Safari/537.36
xiaomi-24129pn74g	Xiaomi	Xiaomi 15	24129PN74G	2025	15	138.0.7204.157	AP3A.241105.007	8	8	Qualcomm	Adreno (TM) 830	phone	Mozilla/5.0 (Linux; Android 15; 24129PN74G Build/AP3A.241105.007) AppleWebKit/537.36 (KHTML, like Gecko) Chrome/138.0.7204.157 Mobile Safari/537.36
xiaomi-24129pn74i	Xiaomi	Xiaomi 15	24129PN74I	2025	15	138.0.7204.157	AP3A.241105.007	8	8	Qualcomm	Adreno (TM) 830	phone	Mozilla/5.0 (Linux; Android 15; 24129PN74I Build/AP3A.241105.007) AppleWebKit/537.36 (KHTML, like Gecko) Chrome/138.0.7204.157 Mobile Safari/537.36
xiaomi-25010pn30c	Xiaomi	Xiaomi 15 Ultra	25010PN30C	2025	15	138.0.7204.157	AP3A.241105.007	8	8	Qualcomm	Adreno (TM) 830	phone	Mozilla/5.0 (Linux; Android 15; 25010PN30C Build/AP3A.241105.007) AppleWebKit/537.36 (KHTML, like Gecko) Chrome/138.0.7204.157 Mobile Safari/537.36
xiaomi-25010pn30g	Xiaomi	Xiaomi 15 Ultra	25010PN30G	2025	15	138.0.7204.157	AP3A.241105.007	8	8	Qualcomm	Adreno (TM) 830	phone	Mozilla/5.0 (Linux; Android 15; 25010PN30G Build/AP3A.241105.007) AppleWebKit/537.36 (KHTML, like Gecko) Chrome/138.0.7204.157 Mobile Safari/537.36
xiaomi-25010pn30i	Xiaomi	Xiaomi 15 Ultra	25010PN30I	2025	15	138.0.7204.157	AP3A.241105.007	8	8	Qualcomm	Adreno (TM) 830	phone	Mozilla/5.0 (Linux; Android 15; 25010PN30I Build/AP3A.241105.007) AppleWebKit/537.36 (KHTML, like Gecko) Chrome/138.0.7204.157 Mobile Safari/537.36
xiaomi-25019pnf3c	Xiaomi	Xiaomi 15 Ultra	25019PNF3C	2025	15	138.0.7204.157	AP3A.241105.007	8	8	Qualcomm	Adreno (TM) 830	phone	Mozilla/5.0 (Linux; Android 15; 25019PNF3C Build/AP3A.241105.007) AppleWebKit/537.36 (KHTML, like Gecko) Chrome/138.0.7204.157 Mobile Safari/537.36
xiaomi-25069ptebg	Xiaomi	Xiaomi 15T	25069PTEBG	2025	15	138.0.7204.157	AP3A.241105.007	8	8	ARM	Mali-G720-Immortalis MC7	phone	Mozilla/5.0 (Linux; Android 15; 25069PTEBG Build/AP3A.241105.007) AppleWebKit/537.36 (KHTML, like Gecko) Chrome/138.0.7204.157 Mobile Safari/537.36
xiaomi-m2105k81ac	Xiaomi	Xiaomi Pad 5 Pro	M2105K81AC	2022	12	108.0.5359.128	SP1A.210812.016	4	6	Qualcomm	Adreno (TM) 650	tablet	Mozilla/5.0 (Linux; Android 12; M2105K81AC Build/SP1A.210812.016) AppleWebKit/537.36 (KHTML, like Gecko) Chrome/108.0.5359.128 Safari/537.36
xiaomi-xig04	Xiaomi	Xiaomi 13T	XIG04	2023	13	120.0.6099.144	TP1A.220624.014	8	8	ARM	Mali-G610 MC6	phone	Mozilla/5.0 (Linux; Android 13; XIG04 Build/TP1A.220624.014) AppleWebKit/537.36 (KHTML, like Gecko) Chrome/120.0.6099.144 Mobile Safari/537.36
xiaomi-xig07	Xiaomi	Xiaomi 14T	XIG07	2024	14	131.0.6778.135	UP1A.231005.007	8	8	ARM	Mali-G615 MC6	phone	Mozilla/5.0 (Linux; Android 14; XIG07 Build/UP1A.231005.007) AppleWebKit/537.36 (KHTML, like Gecko) Chrome/131.0.6778.135 Mobile Safari/537.36
xiaomi-xiaomi-for-arm64	Xiaomi	Xiaomi 14 Ultra	Xiaomi for arm64	2024	14	131.0.6778.135	UP1A.231005.007	8	8	Qualcomm	Adreno (TM) 750	phone	Mozilla/5.0 (Linux; Android 14; Xiaomi for arm64 Build/UP1A.231005.007) AppleWebKit/537.36 (KHTML, like Gecko) Chrome/131.0.6778.135 Mobile Safari/537.36
zte-zte-a2022l	ZTE	ZTE A2022L	ZTE A2022L	2022	12	108.0.5359.128	SP1A.210812.016	4	6	ARM	Mali-G57 MP1	phone	Mozilla/5.0 (Linux; Android 12; ZTE A2022L Build/SP1A.210812.016) AppleWebKit/537.36 (KHTML, like Gecko) Chrome/108.0.5359.128 Mobile Safari/537.36
zte-zte-a2022pg	ZTE	ZTE A2022PG	ZTE A2022PG	2022	12	108.0.5359.128	SP1A.210812.016	4	6	ARM	Mali-G57 MP1	phone	Mozilla/5.0 (Linux; Android 12; ZTE A2022PG Build/SP1A.210812.016) AppleWebKit/537.36 (KHTML, like Gecko) Chrome/108.0.5359.128 Mobile Safari/537.36
zte-zte-a2023	ZTE	ZTE A2023	ZTE A2023	2023	13	120.0.6099.144	TP1A.220624.014	8	8	ARM	Mali-G57 MP1	phone	Mozilla/5.0 (Linux; Android 13; ZTE A2023 Build/TP1A.220624.014) AppleWebKit/537.36 (KHTML, like Gecko) Chrome/120.0.6099.144 Mobile Safari/537.36
zte-zte-a2023g	ZTE	ZTE A2023G	ZTE A2023G	2023	13	120.0.6099.144	TP1A.220624.014	8	8	ARM	Mali-G57 MP1	phone	Mozilla/5.0 (Linux; Android 13; ZTE A2023G Build/TP1A.220624.014) AppleWebKit/537.36 (KHTML, like Gecko) Chrome/120.0.6099.144 Mobile Safari/537.36
zte-zte-a2023p	ZTE	ZTE A2023P	ZTE A2023P	2023	13	120.0.6099.144	TP1A.220624.014	8	8	ARM	Mali-G57 MP1	phone	Mozilla/5.0 (Linux; Android 13; ZTE A2023P Build/TP1A.220624.014) AppleWebKit/537.36 (KHTML, like Gecko) Chrome/120.0.6099.144 Mobile Safari/537.36
zte-zte-a2023pg	ZTE	ZTE A2023PG	ZTE A2023PG	2023	13	120.0.6099.144	TP1A.220624.014	8	8	ARM	Mali-G57 MP1	phone	Mozilla/5.0 (Linux; Android 13; ZTE A2023PG Build/TP1A.220624.014) AppleWebKit/537.36 (KHTML, like Gecko) Chrome/120.0.6099.144 Mobile Safari/537.36
iqoo-i2306	iQOO	iQOO Z9 Lite	I2306	2023	13	120.0.6099.144	TP1A.220624.014	8	8	ARM	Mali-G57 MC2	phone	Mozilla/5.0 (Linux; Android 13; I2306 Build/TP1A.220624.014) AppleWebKit/537.36 (KHTML, like Gecko) Chrome/120.0.6099.144 Mobile Safari/537.36
iqoo-i2405	iQOO	iQOO Neo 10	I2405	2024	14	131.0.6778.135	UP1A.231005.007	8	8	Qualcomm	Adreno (TM) 825	phone	Mozilla/5.0 (Linux; Android 14; I2405 Build/UP1A.231005.007) AppleWebKit/537.36 (KHTML, like Gecko) Chrome/131.0.6778.135 Mobile Safari/537.36
iqoo-i2408	iQOO	iQOO Neo 10	I2408	2024	14	131.0.6778.135	UP1A.231005.007	8	8	Qualcomm	Adreno (TM) 825	phone	Mozilla/5.0 (Linux; Android 14; I2408 Build/UP1A.231005.007) AppleWebKit/537.36 (KHTML, like Gecko) Chrome/131.0.6778.135 Mobile Safari/537.36
iqoo-i2409	iQOO	iQOO Z10 Lite 5G	I2409	2024	14	131.0.6778.135	UP1A.231005.007	8	8	ARM	Mali-G57 MC2	phone	Mozilla/5.0 (Linux; Android 14; I2409 Build/UP1A.231005.007) AppleWebKit/537.36 (KHTML, like Gecko) Chrome/131.0.6778.135 Mobile Safari/537.36
iqoo-i2501	iQOO	iQOO 15	I2501	2025	15	138.0.7204.157	AP3A.241105.007	8	8	Qualcomm	Adreno (TM) 840	phone	Mozilla/5.0 (Linux; Android 15; I2501 Build/AP3A.241105.007) AppleWebKit/537.36 (KHTML, like Gecko) Chrome/138.0.7204.157 Mobile Safari/537.36
iqoo-i2502	iQOO	iQOO Z10 Lite	I2502	2024	14	131.0.6778.135	UP1A.231005.007	8	8	ARM	Mali-G57 MC2	phone	Mozilla/5.0 (Linux; Android 14; I2502 Build/UP1A.231005.007) AppleWebKit/537.36 (KHTML, like Gecko) Chrome/131.0.6778.135 Mobile Safari/537.36
iqoo-i2505	iQOO	iQOO Z10R 5G	I2505	2024	14	131.0.6778.135	UP1A.231005.007	8	8	ARM	Mali-G57 MC2	phone	Mozilla/5.0 (Linux; Android 14; I2505 Build/UP1A.231005.007) AppleWebKit/537.36 (KHTML, like Gecko) Chrome/131.0.6778.135 Mobile Safari/537.36
iqoo-i2507	iQOO	iQOO Z11x 5G	I2507	2025	15	138.0.7204.157	AP3A.241105.007	8	8	ARM	Mali-G615 MC2	phone	Mozilla/5.0 (Linux; Android 15; I2507 Build/AP3A.241105.007) AppleWebKit/537.36 (KHTML, like Gecko) Chrome/138.0.7204.157 Mobile Safari/537.36
iqoo-i2508	iQOO	iQOO 15R	I2508	2025	15	138.0.7204.157	AP3A.241105.007	8	8	Qualcomm	Adreno (TM) 825	phone	Mozilla/5.0 (Linux; Android 15; I2508 Build/AP3A.241105.007) AppleWebKit/537.36 (KHTML, like Gecko) Chrome/138.0.7204.157 Mobile Safari/537.36
iqoo-i2512	iQOO	iQOO Z11 5G	I2512	2025	15	138.0.7204.157	AP3A.241105.007	8	8	ARM	Mali-G615 MC2	phone	Mozilla/5.0 (Linux; Android 15; I2512 Build/AP3A.241105.007) AppleWebKit/537.36 (KHTML, like Gecko) Chrome/138.0.7204.157 Mobile Safari/537.36
iqoo-v2452a	iQOO	iQOO Z10 Turbo	V2452A	2024	14	131.0.6778.135	UP1A.231005.007	8	8	ARM	Mali-G720-Immortalis MC7	phone	Mozilla/5.0 (Linux; Android 14; V2452A Build/UP1A.231005.007) AppleWebKit/537.36 (KHTML, like Gecko) Chrome/131.0.6778.135 Mobile Safari/537.36
iqoo-v2505a	iQOO	iQOO 15	V2505A	2025	15	138.0.7204.157	AP3A.241105.007	8	8	Qualcomm	Adreno (TM) 840	phone	Mozilla/5.0 (Linux; Android 15; V2505A Build/AP3A.241105.007) AppleWebKit/537.36 (KHTML, like Gecko) Chrome/138.0.7204.157 Mobile Safari/537.36
iqoo-v2520a	iQOO	iQOO Neo11	V2520A	2025	15	138.0.7204.157	AP3A.241105.007	8	8	Qualcomm	Adreno (TM) 825	phone	Mozilla/5.0 (Linux; Android 15; V2520A Build/AP3A.241105.007) AppleWebKit/537.36 (KHTML, like Gecko) Chrome/138.0.7204.157 Mobile Safari/537.36
iqoo-v2532a	iQOO	iQOO Z11x	V2532A	2025	15	138.0.7204.157	AP3A.241105.007	8	8	ARM	Mali-G615 MC2	phone	Mozilla/5.0 (Linux; Android 15; V2532A Build/AP3A.241105.007) AppleWebKit/537.36 (KHTML, like Gecko) Chrome/138.0.7204.157 Mobile Safari/537.36
iqoo-v2536a	iQOO	iQOO Z11 Turbo	V2536A	2025	15	138.0.7204.157	AP3A.241105.007	8	8	ARM	Mali-G720-Immortalis MC7	phone	Mozilla/5.0 (Linux; Android 15; V2536A Build/AP3A.241105.007) AppleWebKit/537.36 (KHTML, like Gecko) Chrome/138.0.7204.157 Mobile Safari/537.36
iqoo-v2546a	iQOO	iQOO 15 Ultra	V2546A	2025	15	138.0.7204.157	AP3A.241105.007	8	8	Qualcomm	Adreno (TM) 840	phone	Mozilla/5.0 (Linux; Android 15; V2546A Build/AP3A.241105.007) AppleWebKit/537.36 (KHTML, like Gecko) Chrome/138.0.7204.157 Mobile Safari/537.36
iqoo-v2551a	iQOO	iQOO Z11	V2551A	2025	15	138.0.7204.157	AP3A.241105.007	8	8	ARM	Mali-G615 MC2	phone	Mozilla/5.0 (Linux; Android 15; V2551A Build/AP3A.241105.007) AppleWebKit/537.36 (KHTML, like Gecko) Chrome/138.0.7204.157 Mobile Safari/537.36
iqoo-v2559ua	iQOO	iQOO Z11i	V2559UA	2025	15	138.0.7204.157	AP3A.241105.007	8	8	ARM	Mali-G615 MC2	phone	Mozilla/5.0 (Linux; Android 15; V2559UA Build/AP3A.241105.007) AppleWebKit/537.36 (KHTML, like Gecko) Chrome/138.0.7204.157 Mobile Safari/537.36
iqoo-v2564a	iQOO	iQOO 15T	V2564A	2025	15	138.0.7204.157	AP3A.241105.007	8	8	Qualcomm	Adreno (TM) 830	phone	Mozilla/5.0 (Linux; Android 15; V2564A Build/AP3A.241105.007) AppleWebKit/537.36 (KHTML, like Gecko) Chrome/138.0.7204.157 Mobile Safari/537.36
itel-itel-a507lc	itel	itel A24 2023	itel A507LC	2023	13	120.0.6099.144	TP1A.220624.014	8	8	Imagination Technologies	PowerVR Rogue GE8322	phone	Mozilla/5.0 (Linux; Android 13; itel A507LC Build/TP1A.220624.014) AppleWebKit/537.36 (KHTML, like Gecko) Chrome/120.0.6099.144 Mobile Safari/537.36
itel-itel-a507lnp	itel	itel A24 2023	itel A507LNP	2023	13	120.0.6099.144	TP1A.220624.014	8	8	Imagination Technologies	PowerVR Rogue GE8322	phone	Mozilla/5.0 (Linux; Android 13; itel A507LNP Build/TP1A.220624.014) AppleWebKit/537.36 (KHTML, like Gecko) Chrome/120.0.6099.144 Mobile Safari/537.36
itel-itel-a507lsp	itel	itel A24 2023	itel A507LSP	2023	13	120.0.6099.144	TP1A.220624.014	8	8	Imagination Technologies	PowerVR Rogue GE8322	phone	Mozilla/5.0 (Linux; Android 13; itel A507LSP Build/TP1A.220624.014) AppleWebKit/537.36 (KHTML, like Gecko) Chrome/120.0.6099.144 Mobile Safari/537.36
itel-itel-a507lx	itel	itel  A24 2023	itel A507LX	2023	13	120.0.6099.144	TP1A.220624.014	8	8	Imagination Technologies	PowerVR Rogue GE8322	phone	Mozilla/5.0 (Linux; Android 13; itel A507LX Build/TP1A.220624.014) AppleWebKit/537.36 (KHTML, like Gecko) Chrome/120.0.6099.144 Mobile Safari/537.36
realme-rmx3301	realme	realme GT 2 Pro	RMX3301	2022	12	108.0.5359.128	SP1A.210812.016	4	6	Qualcomm	Adreno (TM) 730	phone	Mozilla/5.0 (Linux; Android 12; RMX3301 Build/SP1A.210812.016) AppleWebKit/537.36 (KHTML, like Gecko) Chrome/108.0.5359.128 Mobile Safari/537.36
realme-rmx3312	realme	realme GT 2	RMX3312	2022	12	108.0.5359.128	SP1A.210812.016	4	6	Qualcomm	Adreno (TM) 730	phone	Mozilla/5.0 (Linux; Android 12; RMX3312 Build/SP1A.210812.016) AppleWebKit/537.36 (KHTML, like Gecko) Chrome/108.0.5359.128 Mobile Safari/537.36
realme-rmx3615	realme	realme 10	RMX3615	2022	12	108.0.5359.128	SP1A.210812.016	4	6	ARM	Mali-G57 MC2	phone	Mozilla/5.0 (Linux; Android 12; RMX3615 Build/SP1A.210812.016) AppleWebKit/537.36 (KHTML, like Gecko) Chrome/108.0.5359.128 Mobile Safari/537.36
realme-rmx3630	realme	realme 10	RMX3630	2022	12	108.0.5359.128	SP1A.210812.016	4	6	ARM	Mali-G57 MC2	phone	Mozilla/5.0 (Linux; Android 12; RMX3630 Build/SP1A.210812.016) AppleWebKit/537.36 (KHTML, like Gecko) Chrome/108.0.5359.128 Mobile Safari/537.36
realme-rmx3636	realme	realme 11	RMX3636	2023	13	120.0.6099.144	TP1A.220624.014	8	8	ARM	Mali-G57 MC2	phone	Mozilla/5.0 (Linux; Android 13; RMX3636 Build/TP1A.220624.014) AppleWebKit/537.36 (KHTML, like Gecko) Chrome/120.0.6099.144 Mobile Safari/537.36
realme-rmx3663	realme	realme 10 Pro	RMX3663	2022	12	108.0.5359.128	SP1A.210812.016	4	6	Qualcomm	Adreno (TM) 619	phone	Mozilla/5.0 (Linux; Android 12; RMX3663 Build/SP1A.210812.016) AppleWebKit/537.36 (KHTML, like Gecko) Chrome/108.0.5359.128 Mobile Safari/537.36
realme-rmx3687	realme	realme 10 Pro+	RMX3687	2022	12	108.0.5359.128	SP1A.210812.016	4	6	ARM	Mali-G68 MC4	phone	Mozilla/5.0 (Linux; Android 12; RMX3687 Build/SP1A.210812.016) AppleWebKit/537.36 (KHTML, like Gecko) Chrome/108.0.5359.128 Mobile Safari/537.36
realme-rmx3740	realme	realme 11 Pro+	RMX3740	2023	13	120.0.6099.144	TP1A.220624.014	8	8	ARM	Mali-G68 MC4	phone	Mozilla/5.0 (Linux; Android 13; RMX3740 Build/TP1A.220624.014) AppleWebKit/537.36 (KHTML, like Gecko) Chrome/120.0.6099.144 Mobile Safari/537.36
realme-rmx3751	realme	realme 11	RMX3751	2023	13	120.0.6099.144	TP1A.220624.014	8	8	ARM	Mali-G57 MC2	phone	Mozilla/5.0 (Linux; Android 13; RMX3751 Build/TP1A.220624.014) AppleWebKit/537.36 (KHTML, like Gecko) Chrome/120.0.6099.144 Mobile Safari/537.36
realme-rmx3820	realme	realme GT5	RMX3820	2023	13	120.0.6099.144	TP1A.220624.014	8	8	Qualcomm	Adreno (TM) 740	phone	Mozilla/5.0 (Linux; Android 13; RMX3820 Build/TP1A.220624.014) AppleWebKit/537.36 (KHTML, like Gecko) Chrome/120.0.6099.144 Mobile Safari/537.36
realme-rmx3851	realme	realme GT 6	RMX3851	2023	13	120.0.6099.144	TP1A.220624.014	8	8	Qualcomm	Adreno (TM) 735	phone	Mozilla/5.0 (Linux; Android 13; RMX3851 Build/TP1A.220624.014) AppleWebKit/537.36 (KHTML, like Gecko) Chrome/120.0.6099.144 Mobile Safari/537.36
realme-rmx3853	realme	realme GT 6T	RMX3853	2023	13	120.0.6099.144	TP1A.220624.014	8	8	Qualcomm	Adreno (TM) 732	phone	Mozilla/5.0 (Linux; Android 13; RMX3853 Build/TP1A.220624.014) AppleWebKit/537.36 (KHTML, like Gecko) Chrome/120.0.6099.144 Mobile Safari/537.36
realme-rmx3868	realme	NARZO 70 Pro 5G	RMX3868	2023	13	120.0.6099.144	TP1A.220624.014	8	8	ARM	Mali-G68 MC4	phone	Mozilla/5.0 (Linux; Android 13; RMX3868 Build/TP1A.220624.014) AppleWebKit/537.36 (KHTML, like Gecko) Chrome/120.0.6099.144 Mobile Safari/537.36
realme-rmx3869	realme	NARZO 70 5G	RMX3869	2023	13	120.0.6099.144	TP1A.220624.014	8	8	ARM	Mali-G57 MC2	phone	Mozilla/5.0 (Linux; Android 13; RMX3869 Build/TP1A.220624.014) AppleWebKit/537.36 (KHTML, like Gecko) Chrome/120.0.6099.144 Mobile Safari/537.36
realme-rmx3871	realme	realme 12	RMX3871	2024	14	131.0.6778.135	UP1A.231005.007	8	8	ARM	Mali-G57 MC2	phone	Mozilla/5.0 (Linux; Android 14; RMX3871 Build/UP1A.231005.007) AppleWebKit/537.36 (KHTML, like Gecko) Chrome/131.0.6778.135 Mobile Safari/537.36
realme-rmx3888	realme	realme GT5 Pro	RMX3888	2023	13	120.0.6099.144	TP1A.220624.014	8	8	Qualcomm	Adreno (TM) 750	phone	Mozilla/5.0 (Linux; Android 13; RMX3888 Build/TP1A.220624.014) AppleWebKit/537.36 (KHTML, like Gecko) Chrome/120.0.6099.144 Mobile Safari/537.36
realme-rmx5003	realme	realme NARZO 70 Turbo 5G	RMX5003	2023	13	120.0.6099.144	TP1A.220624.014	8	8	ARM	Mali-G615 MC2	phone	Mozilla/5.0 (Linux; Android 13; RMX5003 Build/TP1A.220624.014) AppleWebKit/537.36 (KHTML, like Gecko) Chrome/120.0.6099.144 Mobile Safari/537.36
realme-rmx5011	realme	realme GT 7 Pro	RMX5011	2024	14	131.0.6778.135	UP1A.231005.007	8	8	Qualcomm	Adreno (TM) 830	phone	Mozilla/5.0 (Linux; Android 14; RMX5011 Build/UP1A.231005.007) AppleWebKit/537.36 (KHTML, like Gecko) Chrome/131.0.6778.135 Mobile Safari/537.36
realme-rmx5033	realme	realme NARZO 80 Pro 5G	RMX5033	2024	14	131.0.6778.135	UP1A.231005.007	8	8	ARM	Mali-G615 MC2	phone	Mozilla/5.0 (Linux; Android 14; RMX5033 Build/UP1A.231005.007) AppleWebKit/537.36 (KHTML, like Gecko) Chrome/131.0.6778.135 Mobile Safari/537.36
realme-rmx5085	realme	realme GT 7T	RMX5085	2024	14	131.0.6778.135	UP1A.231005.007	8	8	ARM	Mali-G720-Immortalis MC7	phone	Mozilla/5.0 (Linux; Android 14; RMX5085 Build/UP1A.231005.007) AppleWebKit/537.36 (KHTML, like Gecko) Chrome/131.0.6778.135 Mobile Safari/537.36
vivo-v2022	vivo	V2022	V2022	2022	12	108.0.5359.128	SP1A.210812.016	4	6	Qualcomm	Adreno (TM) 610	phone	Mozilla/5.0 (Linux; Android 12; V2022 Build/SP1A.210812.016) AppleWebKit/537.36 (KHTML, like Gecko) Chrome/108.0.5359.128 Mobile Safari/537.36
vivo-v2023	vivo	V2023	V2023	2023	13	120.0.6099.144	TP1A.220624.014	8	8	ARM	Mali-G57 MC2	phone	Mozilla/5.0 (Linux; Android 13; V2023 Build/TP1A.220624.014) AppleWebKit/537.36 (KHTML, like Gecko) Chrome/120.0.6099.144 Mobile Safari/537.36
vivo-v2023a	vivo	V2023A	V2023A	2023	13	120.0.6099.144	TP1A.220624.014	8	8	ARM	Mali-G57 MC2	phone	Mozilla/5.0 (Linux; Android 13; V2023A Build/TP1A.220624.014) AppleWebKit/537.36 (KHTML, like Gecko) Chrome/120.0.6099.144 Mobile Safari/537.36
vivo-v2023ea	vivo	V2023EA	V2023EA	2023	13	120.0.6099.144	TP1A.220624.014	8	8	ARM	Mali-G57 MC2	phone	Mozilla/5.0 (Linux; Android 13; V2023EA Build/TP1A.220624.014) AppleWebKit/537.36 (KHTML, like Gecko) Chrome/120.0.6099.144 Mobile Safari/537.36
vivo-v2024	vivo	V2024	V2024	2024	14	131.0.6778.135	UP1A.231005.007	8	8	Qualcomm	Adreno (TM) 619	phone	Mozilla/5.0 (Linux; Android 14; V2024 Build/UP1A.231005.007) AppleWebKit/537.36 (KHTML, like Gecko) Chrome/131.0.6778.135 Mobile Safari/537.36
vivo-v2024a	vivo	V2024A	V2024A	2024	14	131.0.6778.135	UP1A.231005.007	8	8	Qualcomm	Adreno (TM) 619	phone	Mozilla/5.0 (Linux; Android 14; V2024A Build/UP1A.231005.007) AppleWebKit/537.36 (KHTML, like Gecko) Chrome/131.0.6778.135 Mobile Safari/537.36
vivo-v2025	vivo	V2025	V2025	2025	15	138.0.7204.157	AP3A.241105.007	8	8	ARM	Mali-G57 MC2	phone	Mozilla/5.0 (Linux; Android 15; V2025 Build/AP3A.241105.007) AppleWebKit/537.36 (KHTML, like Gecko) Chrome/138.0.7204.157 Mobile Safari/537.36
vivo-v2025a	vivo	V2025A	V2025A	2025	15	138.0.7204.157	AP3A.241105.007	8	8	ARM	Mali-G57 MC2	phone	Mozilla/5.0 (Linux; Android 15; V2025A Build/AP3A.241105.007) AppleWebKit/537.36 (KHTML, like Gecko) Chrome/138.0.7204.157 Mobile Safari/537.36
vivo-v2183a	vivo	vivo X80	V2183A	2022	12	108.0.5359.128	SP1A.210812.016	4	6	ARM	Mali-G710 MC10	phone	Mozilla/5.0 (Linux; Android 12; V2183A Build/SP1A.210812.016) AppleWebKit/537.36 (KHTML, like Gecko) Chrome/108.0.5359.128 Mobile Safari/537.36
vivo-v2185a	vivo	vivo X80 Pro	V2185A	2022	12	108.0.5359.128	SP1A.210812.016	4	6	Qualcomm	Adreno (TM) 730	phone	Mozilla/5.0 (Linux; Android 12; V2185A Build/SP1A.210812.016) AppleWebKit/537.36 (KHTML, like Gecko) Chrome/108.0.5359.128 Mobile Safari/537.36
vivo-v2190a	vivo	vivo S15e	V2190A	2022	12	108.0.5359.128	SP1A.210812.016	4	6	ARM	Mali-G78 MP10	phone	Mozilla/5.0 (Linux; Android 12; V2190A Build/SP1A.210812.016) AppleWebKit/537.36 (KHTML, like Gecko) Chrome/108.0.5359.128 Mobile Safari/537.36
vivo-v2199ga	vivo	vivo T2	V2199GA	2023	13	120.0.6099.144	TP1A.220624.014	8	8	Qualcomm	Adreno (TM) 710	phone	Mozilla/5.0 (Linux; Android 13; V2199GA Build/TP1A.220624.014) AppleWebKit/537.36 (KHTML, like Gecko) Chrome/120.0.6099.144 Mobile Safari/537.36
vivo-v2207a	vivo	vivo S15 Pro	V2207A	2022	12	108.0.5359.128	SP1A.210812.016	4	6	ARM	Mali-G610 MC6	phone	Mozilla/5.0 (Linux; Android 12; V2207A Build/SP1A.210812.016) AppleWebKit/537.36 (KHTML, like Gecko) Chrome/108.0.5359.128 Mobile Safari/537.36
vivo-v2227a	vivo	vivo X90 Pro+	V2227A	2022	12	108.0.5359.128	SP1A.210812.016	4	6	Qualcomm	Adreno (TM) 740	phone	Mozilla/5.0 (Linux; Android 12; V2227A Build/SP1A.210812.016) AppleWebKit/537.36 (KHTML, like Gecko) Chrome/108.0.5359.128 Mobile Safari/537.36
vivo-v2239a	vivo	vivo S16e	V2239A	2022	12	108.0.5359.128	SP1A.210812.016	4	6	ARM	Mali-G78 MP10	phone	Mozilla/5.0 (Linux; Android 12; V2239A Build/SP1A.210812.016) AppleWebKit/537.36 (KHTML, like Gecko) Chrome/108.0.5359.128 Mobile Safari/537.36
vivo-v2241a	vivo	vivo X90	V2241A	2022	12	108.0.5359.128	SP1A.210812.016	4	6	ARM	Mali-G715-Immortalis MC11	phone	Mozilla/5.0 (Linux; Android 12; V2241A Build/SP1A.210812.016) AppleWebKit/537.36 (KHTML, like Gecko) Chrome/108.0.5359.128 Mobile Safari/537.36
vivo-v2242a	vivo	vivo X90 Pro	V2242A	2022	12	108.0.5359.128	SP1A.210812.016	4	6	ARM	Mali-G715-Immortalis MC11	phone	Mozilla/5.0 (Linux; Android 12; V2242A Build/SP1A.210812.016) AppleWebKit/537.36 (KHTML, like Gecko) Chrome/108.0.5359.128 Mobile Safari/537.36
vivo-v2244a	vivo	vivo S16	V2244A	2022	12	108.0.5359.128	SP1A.210812.016	4	6	Qualcomm	Adreno (TM) 720	phone	Mozilla/5.0 (Linux; Android 12; V2244A Build/SP1A.210812.016) AppleWebKit/537.36 (KHTML, like Gecko) Chrome/108.0.5359.128 Mobile Safari/537.36
vivo-v2245a	vivo	vivo S16 Pro	V2245A	2022	12	108.0.5359.128	SP1A.210812.016	4	6	ARM	Mali-G610 MC6	phone	Mozilla/5.0 (Linux; Android 12; V2245A Build/SP1A.210812.016) AppleWebKit/537.36 (KHTML, like Gecko) Chrome/108.0.5359.128 Mobile Safari/537.36
vivo-v2285a	vivo	vivo S17e	V2285A	2023	13	120.0.6099.144	TP1A.220624.014	8	8	ARM	Mali-G610 MC4	phone	Mozilla/5.0 (Linux; Android 13; V2285A Build/TP1A.220624.014) AppleWebKit/537.36 (KHTML, like Gecko) Chrome/120.0.6099.144 Mobile Safari/537.36
vivo-v2323a	vivo	vivo S18	V2323A	2023	13	120.0.6099.144	TP1A.220624.014	8	8	Qualcomm	Adreno (TM) 720	phone	Mozilla/5.0 (Linux; Android 13; V2323A Build/TP1A.220624.014) AppleWebKit/537.36 (KHTML, like Gecko) Chrome/120.0.6099.144 Mobile Safari/537.36
vivo-v2334a	vivo	vivo S18e	V2334A	2023	13	120.0.6099.144	TP1A.220624.014	8	8	ARM	Mali-G610 MC4	phone	Mozilla/5.0 (Linux; Android 13; V2334A Build/TP1A.220624.014) AppleWebKit/537.36 (KHTML, like Gecko) Chrome/120.0.6099.144 Mobile Safari/537.36
vivo-v2364a	vivo	vivo S19	V2364A	2024	14	131.0.6778.135	UP1A.231005.007	8	8	Qualcomm	Adreno (TM) 720	phone	Mozilla/5.0 (Linux; Android 14; V2364A Build/UP1A.231005.007) AppleWebKit/537.36 (KHTML, like Gecko) Chrome/131.0.6778.135 Mobile Safari/537.36
vivo-v2415	vivo	vivo X200	V2415	2024	14	131.0.6778.135	UP1A.231005.007	8	8	ARM	Mali-G925-Immortalis MC12	phone	Mozilla/5.0 (Linux; Android 14; V2415 Build/UP1A.231005.007) AppleWebKit/537.36 (KHTML, like Gecko) Chrome/131.0.6778.135 Mobile Safari/537.36
vivo-v2415a	vivo	vivo X200	V2415A	2024	14	131.0.6778.135	UP1A.231005.007	8	8	ARM	Mali-G925-Immortalis MC12	phone	Mozilla/5.0 (Linux; Android 14; V2415A Build/UP1A.231005.007) AppleWebKit/537.36 (KHTML, like Gecko) Chrome/131.0.6778.135 Mobile Safari/537.36
